date,sales_amount,quantity_sold,lag_1_sales,lag_1_qty,lag_7_sales,lag_7_qty,lag_30_sales,lag_30_qty,weekday_seasonality_index,sales_growth_rate,day_of_week,month,quarter,week_of_year,rolling_7_day_sales_lag1,rolling_30_day_sales_lag1,rolling_7_day_quantity_lag1,rolling_30_day_quantity_lag1,sales_volatility_30_day_lag1,demand_momentum_lag1,quantity_momentum_lag1
2009-12-01,53010.76,25468.0,,,,,,,1.2931852015029477,0.0,1,12,4,49,,,,,,,
2009-12-02,62583.66,31538.0,53010.76,25468.0,,,,,1.2104089715682438,0.0,2,12,4,49,53010.76,53010.76,25468.0,25468.0,0.0,1.0,1.0
2009-12-03,68027.59,46819.0,62583.66,31538.0,,,,,1.3859506252383242,0.0,3,12,4,49,57797.21000000001,57797.21000000001,28503.0,28503.0,6769.062505620699,1.0,1.0
2009-12-04,40195.8,21104.0,68027.59,46819.0,,,,,1.0448762817507915,0.0,4,12,4,49,61207.33666666667,61207.33666666667,34608.333333333336,34608.333333333336,7602.433508465118,1.0,1.0
2009-12-05,9803.05,5119.0,40195.8,21104.0,,,,,0.0071533171218382,0.0,5,12,4,49,55954.4525,55954.4525,31232.25,31232.25,12202.561142676494,1.0,1.0
2009-12-06,24126.58,11471.0,9803.05,5119.0,,,,,0.7379993814795114,0.0,6,12,4,49,46724.172000000006,46724.172000000006,26009.6,26009.6,23187.65327440381,1.0,1.0
2009-12-07,44169.88,17794.0,24126.58,11471.0,,,,,1.3036423544902056,0.0,0,12,4,50,42957.90666666667,42957.90666666667,23586.5,23586.5,22698.950171001004,1.0,1.0
2009-12-08,43702.14,19290.0,44169.88,17794.0,53010.76,25468.0,,,1.2931852015029477,0.0,1,12,4,50,43131.04571428571,43131.04571428571,22759.0,22759.0,20726.274523657048,1.0,1.0
2009-12-09,40046.12,17754.0,43702.14,19290.0,62583.66,31538.0,,,1.2104089715682438,0.0,2,12,4,50,41801.24285714286,43202.4325,21876.42857142857,22325.375,19189.86381950396,0.9675668808033636,0.9798907553144603
2009-12-10,43134.33,23142.0,40046.12,17754.0,68027.59,46819.0,,,1.3859506252383242,0.0,3,12,4,50,38581.59428571429,42851.73111111111,19907.28571428572,21817.444444444445,17981.280193919345,0.9003508909750997,0.9124480992710798
2009-12-11,38213.21,20909.0,43134.33,23142.0,40195.8,21104.0,,,1.0448762817507915,0.0,4,12,4,50,35025.41428571429,42879.991,16524.85714285714,21949.9,16953.14908543441,0.8168241986271473,0.75284430192653
2009-12-12,0.0,0.0,38213.21,20909.0,9803.05,5119.0,,,0.0071533171218382,0.0,5,12,4,50,34742.18714285715,42455.73818181818,16497.0,21855.272727272728,16144.603820247692,0.8183154652516584,0.7548292902066487
2009-12-13,21929.36,12439.0,0.0,0.0,24126.58,11471.0,,,0.7379993814795114,0.0,6,12,4,50,33341.75142857143,38917.76,15765.714285714286,20034.0,19676.392302152803,0.8567232910776834,0.7869479028508678
2009-12-14,72654.97,45085.0,21929.36,12439.0,44169.88,17794.0,,,1.3036423544902056,0.0,0,12,4,51,33027.862857142856,37610.96000000001,15904.0,19449.76923076923,19418.998102696576,0.8781446380826985,0.8176960770742782
2009-12-15,48407.14,26925.0,72654.97,45085.0,43702.14,19290.0,,,1.2931852015029477,0.0,1,12,4,51,37097.16142857143,40114.10357142857,19802.714285714286,21280.85714285714,20876.067077806365,0.924790986853662,0.930541197320194
2009-12-16,52434.5,24674.0,48407.14,26925.0,40046.12,17754.0,,,1.2104089715682438,0.0,2,12,4,51,37769.30428571429,40666.97266666666,20893.42857142857,21657.13333333333,20230.31986531336,0.9287463956389482,0.9647365720037696
2009-12-17,28716.57,15194.0,52434.5,24674.0,43134.33,23142.0,,,1.3859506252383242,0.0,3,12,4,51,39539.072857142855,41402.443125,21882.0,21845.6875,19764.516718537023,0.9549937122736608,1.0016622273846956
2009-12-18,42230.78,17270.0,28716.57,15194.0,38213.21,20909.0,,,1.0448762817507915,0.0,4,12,4,51,37479.392857142855,40656.21529411765,20746.571428571428,21454.41176470588,19382.670485059945,0.921861333771655,0.9670072363718262
2009-12-19,0.0,0.0,42230.78,17270.0,0.0,0.0,,,0.0071533171218382,0.0,5,12,4,51,38053.33142857143,40743.69111111111,20226.714285714286,21221.944444444445,18807.614477679883,0.933968680569395,0.9531037242447078
2009-12-20,11267.09,6207.0,0.0,0.0,21929.36,12439.0,,,0.7379993814795114,0.0,6,12,4,51,38053.33142857143,38599.28631578948,20226.714285714286,20105.0,20529.14670326807,0.9858558294899168,1.0060539311471917
2009-12-21,14531.18,8452.0,11267.09,6207.0,72654.97,45085.0,,,1.3036423544902056,0.0,0,12,4,52,36530.15,37232.6765,19336.42857142857,19410.1,20895.38108899221,0.9811314531739344,0.9962044797001856
2009-12-22,27478.79,14239.0,14531.18,8452.0,48407.14,26925.0,,,1.2931852015029477,0.0,1,12,4,52,28226.75142857143,36151.65285714286,14103.142857142857,18888.28571428572,20960.12780868097,0.7807873001025009,0.7466608177403984
2009-12-23,10720.93,4528.0,27478.79,14239.0,52434.5,24674.0,,,1.2104089715682438,0.0,2,12,4,52,25236.98714285714,35757.431818181816,12290.857142857143,18676.954545454544,20538.39456824279,0.7057829899860069,0.6580760858492531
2009-12-24,0.0,0.0,10720.93,4528.0,28716.57,15194.0,,,1.3859506252383242,0.0,3,12,4,52,19277.90571428572,34668.888260869564,9412.857142857143,18061.78260869565,20734.152525370624,0.5560577994087136,0.5211477375619294
2009-12-25,0.0,0.0,0.0,0.0,42230.78,17270.0,,,1.0448762817507915,0.0,4,12,4,52,15175.53857142857,33224.35125,7242.285714285715,17309.208333333332,21477.75705015232,0.4567595152494834,0.4184065252908667
2009-12-26,0.0,0.0,0.0,0.0,0.0,0.0,,,0.0071533171218382,0.0,5,12,4,52,9142.570000000002,31895.377200000003,4775.142857142857,16616.84,22050.572854583905,0.2866424793370997,0.2873676858622251
2009-12-27,0.0,0.0,0.0,0.0,11267.09,6207.0,,,0.7379993814795114,0.0,6,12,4,52,9142.570000000002,30668.63192307693,4775.142857142857,15977.73076923077,22492.3577248469,0.2981081785105837,0.2988623932967141
2009-12-28,0.0,0.0,0.0,0.0,14531.18,8452.0,,,1.3036423544902056,0.0,0,12,4,53,7532.985714285715,29532.756666666668,3888.428571428572,15385.962962962964,22831.64398579457,0.255072216905106,0.2527257202418063
2009-12-29,0.0,0.0,0.0,0.0,27478.79,14239.0,,,1.2931852015029477,0.0,1,12,4,53,5457.102857142857,28478.01535714286,2681.0,14836.464285714286,23089.533818127216,0.1916251111148483,0.1807034309772495
2009-12-30,0.0,0.0,0.0,0.0,10720.93,4528.0,,,1.2104089715682438,0.0,2,12,4,53,1531.561428571429,27496.01482758621,646.8571428571429,14324.862068965518,23282.005141048096,0.0557012148187687,0.0451562562866517
2009-12-31,0.0,0.0,0.0,0.0,0.0,0.0,53010.76,25468.0,1.3859506252383242,0.0,3,12,4,53,0.0,26579.481000000003,0.0,13847.366666666669,23421.386615319432,0.0,0.0
2010-01-01,0.0,0.0,0.0,0.0,0.0,0.0,62583.66,31538.0,1.0448762817507915,0.0,4,1,1,53,0.0,24812.45566666667,0.0,12998.433333333332,23358.12944457633,0.0,0.0
2010-01-02,0.0,0.0,0.0,0.0,0.0,0.0,68027.59,46819.0,0.0071533171218382,0.0,5,1,1,53,0.0,22726.333666666666,0.0,11947.166666666666,22652.47269199918,0.0,0.0
2010-01-03,0.0,0.0,0.0,0.0,0.0,0.0,40195.8,21104.0,0.7379993814795114,0.0,6,1,1,53,0.0,20458.747333333336,0.0,10386.533333333333,21327.43500749436,0.0,0.0
2010-01-04,13120.15,10568.0,0.0,0.0,0.0,0.0,9803.05,5119.0,1.3036423544902056,0.0,0,1,1,1,0.0,19118.88733333333,0.0,9683.066666666668,21307.33837150978,0.0,0.0
2010-01-05,19017.39,11252.0,13120.15,10568.0,0.0,0.0,24126.58,11471.0,1.2931852015029477,0.0,1,1,1,1,1874.3071428571427,19229.45733333333,1509.7142857142858,9864.7,21265.89518169684,0.0974706207443577,0.1530420880223712
2010-01-06,8736.75,7459.0,19017.39,11252.0,0.0,0.0,44169.88,17794.0,1.2104089715682438,0.0,2,1,1,1,4591.077142857143,19059.151,3117.1428571428573,9857.4,21245.77335102846,0.240885711166103,0.3162236347457602
2010-01-07,72262.07,40338.0,8736.75,7459.0,0.0,0.0,43702.14,19290.0,1.3859506252383242,0.0,3,1,1,1,5839.184285714286,17878.046666666665,4182.714285714285,9512.9,20781.50429432936,0.3266119836571046,0.4396886633638833
2010-01-08,29491.53,12690.0,72262.07,40338.0,0.0,0.0,40046.12,17754.0,1.0448762817507915,0.0,4,1,1,1,16162.337142857144,18830.04433333333,9945.285714285714,10214.5,22581.504418312183,0.858327089238247,0.9736439095683308
2010-01-09,0.0,0.0,29491.53,12690.0,0.0,0.0,43134.33,23142.0,0.0071533171218382,0.0,5,1,1,1,20375.41285714286,18478.224666666665,11758.142857142857,10045.7,22320.269132001617,1.1026715620520935,1.170465259478469
2010-01-10,23429.17,13361.0,0.0,0.0,0.0,0.0,38213.21,20909.0,0.7379993814795114,0.0,6,1,1,1,20375.41285714286,17040.413666666667,11758.142857142857,9274.3,22065.060735123745,1.1957111638081823,1.267819981793004
2010-01-11,37491.54,13840.0,23429.17,13361.0,13120.15,10568.0,0.0,0.0,1.3036423544902056,0.0,0,1,1,2,23722.437142857147,16547.612333333334,13666.857142857143,9022.7,21738.559068120005,1.4335867111819462,1.5147192240523504
2010-01-12,40621.28,21250.0,37491.54,13840.0,19017.39,11252.0,21929.36,12439.0,1.2931852015029477,0.0,1,1,1,2,27204.06428571429,17797.330333333335,14134.285714285714,9484.033333333333,21831.92406275308,1.5285474717948402,1.4903243396043575
2010-01-13,19381.04,8722.0,40621.28,21250.0,8736.75,7459.0,72654.97,45085.0,1.2104089715682438,0.0,2,1,1,2,30290.33428571429,18420.394333333334,15562.57142857143,9777.733333333334,22217.24018907321,1.6443911969300922,1.5916338580759783
2010-01-14,29166.94,13416.0,19381.04,8722.0,72262.07,40338.0,48407.14,26925.0,1.3859506252383242,0.0,3,1,1,2,31810.947142857145,16644.596666666668,15743.0,8565.633333333333,19721.769005703474,1.9111876232220992,1.8379259755067727
2010-01-15,13290.55,8265.0,29166.94,13416.0,29491.53,12690.0,52434.5,24674.0,1.0448762817507915,0.0,4,1,1,2,25654.5,16003.256666666666,11897.0,8115.333333333333,18951.03256435627,1.6030799564338676,1.4659903064158384
2010-01-16,0.0,0.0,13290.55,8265.0,0.0,0.0,28716.57,15194.0,0.0071533171218382,0.0,5,1,1,2,23340.074285714287,14698.458333333334,11264.857142857143,7568.366666666667,17659.768956517906,1.5879266897524482,1.4884132388129288
2010-01-17,17380.9,9909.0,0.0,0.0,23429.17,13361.0,42230.78,17270.0,0.7379993814795114,0.0,6,1,1,2,23340.074285714287,13741.239333333331,11264.857142857143,7061.9,17652.00479440477,1.698542156171912,1.5951595382060273
2010-01-18,21289.38,10312.0,17380.9,9909.0,37491.54,13840.0,0.0,0.0,1.3036423544902056,0.0,0,1,1,3,22476.03571428572,12912.910000000002,10771.714285714286,6816.533333333334,16833.069097941374,1.740586414238596,1.580233493913957
2010-01-19,32869.191,15019.0,21289.38,10312.0,40621.28,21250.0,11267.09,6207.0,1.2931852015029477,0.0,1,1,1,3,20161.441428571427,13622.556,10267.714285714286,7160.266666666666,16718.282707613856,1.4800042979138002,1.433984900801779
2010-01-20,16617.39,8511.0,32869.191,15019.0,19381.04,8722.0,14531.18,8452.0,1.2104089715682438,0.0,2,1,1,3,19054.00014285714,14342.626033333332,9377.57142857143,7454.0,17074.742424692522,1.3284875516222918,1.2580589520487564
2010-01-21,26935.16,72810.0,16617.39,8511.0,29166.94,13416.0,27478.79,14239.0,1.3859506252383242,0.0,3,1,1,3,18659.193,14412.166366666666,9347.42857142857,7455.966666666666,17079.784340059326,1.2946834310181232,1.2536843295206843
2010-01-22,34644.04,18459.0,26935.16,72810.0,13290.55,8265.0,10720.93,4528.0,1.0448762817507915,0.0,4,1,1,3,18340.367285714285,14394.045366666667,17832.285714285714,9408.333333333334,17065.725708960952,1.2741635043186956,1.8953713779577368
2010-01-23,0.0,0.0,34644.04,18459.0,0.0,0.0,0.0,0.0,0.0071533171218382,0.0,5,1,1,3,21390.865857142857,15191.482366666669,19288.571428571428,9872.7,17442.935689245372,1.408082854644847,1.953728101590388
2010-01-24,15904.45,8833.0,0.0,0.0,17380.9,9909.0,0.0,0.0,0.7379993814795114,0.0,6,1,1,3,21390.865857142857,15191.482366666669,19288.571428571428,9872.7,17442.935689245372,1.408082854644847,1.953728101590388
2010-01-25,22751.91,9709.0,15904.45,8833.0,21289.38,10312.0,0.0,0.0,1.3036423544902056,0.0,0,1,1,4,21179.944428571423,15721.630700000002,19134.85714285714,10167.133333333331,17205.371682247962,1.3471849601817336,1.8820307077239544
2010-01-26,45329.99,22773.0,22751.91,9709.0,32869.191,15019.0,0.0,0.0,1.2931852015029477,0.0,1,1,1,4,21388.877285714287,16480.0277,19048.714285714286,10490.766666666666,16988.55578473979,1.2978665858501128,1.8157599812261207
2010-01-27,28445.08,17731.0,45329.99,22773.0,16617.39,8511.0,0.0,0.0,1.2104089715682438,0.0,2,1,1,4,23168.99142857143,17991.027366666665,20156.42857142857,11249.866666666669,17480.980022460182,1.2878081365991565,1.7917037746902398
2010-01-28,19189.36,10850.0,28445.08,17731.0,26935.16,72810.0,0.0,0.0,1.3859506252383242,0.0,3,1,1,4,24858.661428571424,18939.196700000004,21473.571428571428,11840.9,17241.2842669465,1.3125509926496206,1.813508384377153
2010-01-29,17446.431,9991.0,19189.36,10850.0,34644.04,18459.0,0.0,0.0,1.0448762817507915,0.0,4,1,1,4,23752.11857142857,19578.84203333333,12622.142857142857,12202.566666666668,16866.299430089588,1.2131523677953049,1.0343842571761834
2010-01-30,0.0,0.0,17446.431,9991.0,0.0,0.0,0.0,0.0,0.0071533171218382,0.0,5,1,1,4,21295.317285714285,20160.389733333333,11412.42857142857,12535.6,16463.920665928224,1.0562949212486927,0.9104014623495142
2010-01-31,18345.8,10705.0,0.0,0.0,15904.45,8833.0,0.0,0.0,0.7379993814795114,0.0,6,1,1,4,21295.317285714285,20160.389733333333,11412.42857142857,12535.6,16463.920665928224,1.0562949212486927,0.9104014623495142
2010-02-01,19218.091,9236.0,18345.8,10705.0,22751.91,9709.0,0.0,0.0,1.3036423544902056,-0.21849804366007,0,2,1,5,21644.08157142857,20771.9164,11679.857142857143,12892.433333333332,16024.111469158472,1.041987708530763,0.9059466774715772
2010-02-02,20819.31,11049.0,19218.091,9236.0,45329.99,22773.0,0.0,0.0,1.2931852015029477,-0.21849804366007,1,2,1,5,21139.250285714286,21412.51943333333,11612.285714285714,13200.3,15541.95988834862,0.987237879761424,0.8796986215681245
2010-02-03,21272.761,10217.0,20819.31,11049.0,28445.08,17731.0,13120.15,10568.0,1.2104089715682438,-0.21849804366007,2,2,1,5,17637.724571428575,22106.496433333334,9937.42857142857,13568.6,15008.538701425168,0.7978525509285809,0.7323842232381064
2010-02-04,22484.09,12780.0,21272.761,10217.0,19189.36,10850.0,19017.39,11252.0,1.3859506252383242,-0.21849804366007,3,2,1,5,16613.107571428573,22378.25013333333,8864.0,13556.9,14913.724268284515,0.7423774188082142,0.653836791596899
2010-02-05,20714.72,9685.0,22484.09,12780.0,17446.431,9991.0,8736.75,7459.0,1.0448762817507915,-0.21849804366007,4,2,1,5,17083.783285714286,22493.8068,9139.714285714286,13607.833333333334,14900.209667475698,0.7594883088314907,0.6716509573442467
2010-02-06,0.0,0.0,20714.72,9685.0,0.0,0.0,72262.07,40338.0,0.0071533171218382,-0.21849804366007,5,2,1,5,17550.681714285714,22893.07246666667,9096.0,13682.033333333333,14677.683437642254,0.7666372322823984,0.6648134658347565
2010-02-07,16772.39,11112.0,0.0,0.0,18345.8,10705.0,29491.53,12690.0,0.7379993814795114,-0.21849804366007,6,2,1,5,17550.681714285714,20484.3368,9096.0,12337.433333333332,11977.467301699457,0.8567854495677748,0.7372684215787725
2010-02-08,15958.3,8132.0,16772.39,11112.0,19218.091,9236.0,0.0,0.0,1.3036423544902056,-0.21849804366007,0,2,1,6,17325.90885714286,20060.365466666663,9154.142857142857,12284.833333333334,11872.292337252517,0.8636885946037463,0.7451580830408382
2010-02-09,19560.37,10878.0,15958.3,8132.0,20819.31,11049.0,23429.17,13361.0,1.2931852015029477,-0.21849804366007,1,2,1,6,16860.22442857143,20592.3088,8996.42857142857,12555.9,11285.492979675146,0.818763189321026,0.7165100527583503
2010-02-10,9053.47,3556.0,19560.37,10878.0,21272.761,10217.0,37491.54,13840.0,1.2104089715682438,-0.21849804366007,2,2,1,6,16680.375857142855,20463.3488,8972.0,12473.133333333331,11274.056880511867,0.8151342197296103,0.7193060284237588
2010-02-11,14934.51,8982.0,9053.47,3556.0,22484.09,12780.0,40621.28,21250.0,1.3859506252383242,-0.21849804366007,3,2,1,6,14934.762857142856,19515.41313333333,8020.428571428572,12130.333333333334,10984.77783061046,0.7652803840280229,0.6611878133133389
2010-02-12,11311.21,7620.0,14934.51,8982.0,20714.72,9685.0,19381.04,8722.0,1.0448762817507915,-0.21849804366007,4,2,1,6,13856.251428571428,18659.18746666667,7477.857142857143,11721.4,10260.11420452004,0.7425967209625097,0.637966210764682
2010-02-13,0.0,0.0,11311.21,7620.0,0.0,0.0,29166.94,13416.0,0.0071533171218382,-0.21849804366007,5,2,1,6,12512.892857142857,18390.19313333333,7182.857142857143,11684.666666666666,10345.96260489356,0.6804111716729327,0.6147250364743376
2010-02-14,17622.63,10856.0,0.0,0.0,16772.39,11112.0,13290.55,8265.0,0.7379993814795114,-0.21849804366007,6,2,1,6,12512.892857142857,17417.9618,7182.857142857143,11237.466666666667,10663.882391158675,0.7183901882907365,0.6391882935825224
2010-02-15,40775.981,96363.0,17622.63,10856.0,15958.3,8132.0,0.0,0.0,1.3036423544902056,-0.21849804366007,0,2,1,7,12634.355714285712,17562.364466666666,7146.285714285715,11323.833333333334,10635.3574894483,0.7193994714245736,0.6310836184112313
2010-02-16,30893.88,16641.0,40775.981,96363.0,19560.37,10878.0,17380.9,9909.0,1.2931852015029477,-0.21849804366007,1,2,1,7,16179.738714285715,18921.563833333334,19750.714285714286,14535.933333333332,10915.39042893858,0.8550952160615044,1.358751022916608
2010-02-17,22583.95,22424.0,30893.88,16641.0,9053.47,3556.0,21289.38,10312.0,1.2104089715682438,-0.21849804366007,2,2,1,7,17798.81157142857,19371.9965,20574.0,14760.333333333334,11126.39409320209,0.91879076952283,1.393870960457081
2010-02-18,34168.31,19562.0,22583.95,22424.0,14934.51,8982.0,32869.191,15019.0,1.3859506252383242,-0.21849804366007,3,2,1,7,19731.737285714284,19415.148833333333,23269.42857142857,15164.066666666668,11136.59259174992,1.0163062593595682,1.5345110967217614
2010-02-19,27092.62,12478.0,34168.31,19562.0,11311.21,7620.0,16617.39,8511.0,1.0448762817507915,-0.21849804366007,4,2,1,7,22479.423000000003,19458.452799999995,24780.85714285714,15315.5,11193.094236249482,1.15525233332015,1.6180246902064668
2010-02-20,0.0,0.0,27092.62,12478.0,0.0,0.0,26935.16,72810.0,0.0071533171218382,-0.21849804366007,5,2,1,7,24733.910142857145,19807.62713333333,25474.85714285714,15447.733333333334,11264.571541536658,1.248706368327865,1.649100006658397
2010-02-21,9238.601,4687.0,0.0,0.0,17622.63,10856.0,34644.04,18459.0,0.7379993814795114,-0.21849804366007,6,2,1,7,24733.910142857145,18909.788466666665,25474.85714285714,13020.733333333334,11740.268939180674,1.3079950728405547,1.9564840543689657
2010-02-22,26213.6,13398.0,9238.601,4687.0,40775.981,96363.0,0.0,0.0,1.3036423544902056,-0.21849804366007,0,2,1,8,23536.19171428572,18062.9405,24593.571428571428,12561.666666666666,11479.5683258775,1.303009978595994,1.957827100589473
2010-02-23,22505.11,11825.0,26213.6,13398.0,30893.88,16641.0,15904.45,8833.0,1.2931852015029477,-0.21849804366007,1,2,1,8,21455.85157142857,18936.727166666664,12741.42857142857,13008.266666666666,11046.754112313083,1.1330284997291502,0.9794870368146849
2010-02-24,32790.091,22378.0,22505.11,11825.0,22583.95,22424.0,22751.91,9709.0,1.2104089715682438,-0.21849804366007,2,2,1,8,20257.455857142857,19156.74916666667,12053.42857142857,13108.0,11050.009949963527,1.0574579058743143,0.9195474955316272
2010-02-25,45379.53,25757.0,32790.091,22378.0,34168.31,19562.0,45329.99,22773.0,1.3859506252383242,-0.21849804366007,3,2,1,8,21715.476,19491.3552,12046.857142857143,13530.3,11311.5181900257,1.1141080636609608,0.8903614216135004
2010-02-26,13723.941,6948.0,45379.53,25757.0,27092.62,12478.0,28445.08,17731.0,1.0448762817507915,-0.21849804366007,4,2,1,8,23317.078857142857,19493.006533333333,12931.857142857143,13629.766666666666,11315.42330638191,1.1961766296681993,0.9487951965079232
2010-02-27,0.0,0.0,13723.941,6948.0,0.0,0.0,19189.36,10850.0,0.0071533171218382,-0.21849804366007,5,2,1,8,21407.26757142857,19002.3019,12141.857142857143,13270.333333333334,11232.717146240278,1.1265618073054913,0.9149624834485802
2010-02-28,16630.44,8364.0,0.0,0.0,9238.601,4687.0,17446.431,9991.0,0.7379993814795114,-0.21849804366007,6,2,1,8,21407.26757142857,18362.656566666665,12141.857142857143,12908.666666666666,11755.882170110424,1.1658044953195237,0.9405973100390288
2010-03-01,25339.94,21272.0,16630.44,8364.0,26213.6,13398.0,0.0,0.0,1.3036423544902056,-0.146735916961422,0,3,1,9,22463.24457142857,18335.456866666667,12667.142857142857,12854.433333333332,11759.018714282452,1.2251259804857169,0.9854298924477048
2010-03-02,25637.71,11625.0,25339.94,21272.0,22505.11,11825.0,18345.8,10705.0,1.2931852015029477,-0.146735916961422,1,3,1,9,22338.436,19180.12153333333,13792.0,13563.5,11297.590780773611,1.1646660299403109,1.0168466841154569
2010-03-03,33833.590000000004,20226.0,25637.71,11625.0,32790.091,22378.0,19218.091,9236.0,1.2104089715682438,-0.146735916961422,2,3,1,9,22785.950285714287,19423.185200000004,13763.42857142857,13594.166666666666,11357.305296056333,1.1731314947104703,1.0124510688232873
2010-03-04,31540.73,18376.0,33833.590000000004,20226.0,45379.53,25757.0,20819.31,11049.0,1.3859506252383242,-0.146735916961422,3,3,1,9,22935.021571428573,19910.3685,13456.0,13960.5,11657.704866505848,1.1519134651590488,0.963862325847928
2010-03-05,27536.73,18260.0,31540.73,18376.0,13723.941,6948.0,21272.761,10217.0,1.0448762817507915,-0.146735916961422,4,3,1,9,20958.05014285714,20267.749166666665,12401.57142857143,14204.733333333334,11849.29490936663,1.0340590842384103,0.8730590809099851
2010-03-06,0.0,0.0,27536.73,18260.0,0.0,0.0,22484.09,12780.0,0.0071533171218382,-0.146735916961422,5,3,1,9,22931.30571428572,20476.548133333334,14017.57142857143,14472.833333333334,11922.577870029954,1.1198814158015402,0.968543691875912
2010-03-07,19637.9,10805.0,0.0,0.0,16630.44,8364.0,20714.72,9685.0,0.7379993814795114,-0.146735916961422,6,3,1,9,22931.30571428572,19727.078466666662,14017.57142857143,14046.833333333334,12485.43383668042,1.16242786548618,0.9979168326364016
2010-03-08,36828.31,15543.0,19637.9,10805.0,25339.94,21272.0,0.0,0.0,1.3036423544902056,-0.146735916961422,0,3,1,10,23360.94285714285,19691.184466666666,14366.285714285714,14084.166666666666,12484.044368764417,1.1863655483339957,1.020030936461917
2010-03-09,19723.1,11673.0,36828.31,15543.0,25637.71,11625.0,16772.39,11112.0,1.2931852015029477,-0.146735916961422,1,3,1,10,25002.13857142857,20918.7948,13547.857142857143,14602.266666666666,12290.193823233563,1.195199762245795,0.9277913800727612
2010-03-10,27039.26,17711.0,19723.1,11673.0,33833.590000000004,20226.0,15958.3,8132.0,1.2104089715682438,-0.146735916961422,2,3,1,10,24157.19428571429,21017.1518,13554.714285714286,14620.966666666667,12267.65280148067,1.1494038067381849,0.9270737424370676
2010-03-11,24384.36,14160.0,27039.26,17711.0,31540.73,18376.0,19560.37,10878.0,1.3859506252383242,-0.146735916961422,3,3,1,10,23186.575714285715,21386.51713333333,13195.42857142857,14940.266666666666,12276.898316064608,1.0841679161562394,0.8832123860860518
2010-03-12,21451.05,10911.0,24384.36,14160.0,27536.73,18260.0,9053.47,3556.0,1.0448762817507915,-0.146735916961422,4,3,1,10,22164.237142857142,21547.316800000004,12593.142857142857,15049.666666666666,12283.744919458491,1.02863095895342,0.8367722113763001
2010-03-13,0.0,0.0,21451.05,10911.0,0.0,0.0,14934.51,8982.0,0.0071533171218382,-0.146735916961422,5,3,1,10,21294.85428571428,21960.569466666664,11543.285714285714,15294.833333333334,12055.347954164044,0.969685887155028,0.7547179797721919
2010-03-14,8935.15,4926.0,0.0,0.0,19637.9,10805.0,11311.21,7620.0,0.7379993814795114,-0.146735916961422,6,3,1,10,21294.85428571428,21462.752466666665,11543.285714285714,14995.433333333332,12649.21622389899,0.9921772297745528,0.7697867382482476
2010-03-15,27303.991,15091.0,8935.15,4926.0,36828.31,15543.0,0.0,0.0,1.3036423544902056,-0.146735916961422,0,3,1,11,19765.89,21383.550466666664,10703.42857142857,14905.633333333331,12722.199280833143,0.9243502397233646,0.7180794221935266
2010-03-16,22989.59,12451.0,27303.991,15091.0,19723.1,11673.0,17622.63,10856.0,1.2931852015029477,-0.146735916961422,1,3,1,11,18405.273,22293.6835,10638.857142857143,15408.666666666666,12101.18461441579,0.8255824121662083,0.6904463165441835
2010-03-17,30541.26,78808.0,22989.59,12451.0,27039.26,17711.0,40775.981,96363.0,1.2104089715682438,-0.146735916961422,2,3,1,11,18871.914428571425,22472.582166666667,10750.0,15461.833333333334,12069.37818893957,0.8397750774080571,0.6952603723146241
2010-03-18,40566.21,23623.0,30541.26,78808.0,24384.36,14160.0,30893.88,16641.0,1.3859506252383242,-0.146735916961422,3,3,1,11,19372.200142857146,22131.4248,19478.14285714286,14876.666666666666,11672.2841614493,0.8753254848217973,1.3093082807848662
2010-03-19,23509.19,13229.0,40566.21,23623.0,21451.05,10911.0,22583.95,22424.0,1.0448762817507915,-0.146735916961422,4,3,1,11,21683.893,22453.8358,20830.0,15109.4,12050.1345356254,0.9657099656888024,1.37861198988709
2010-03-20,0.0,0.0,23509.19,13229.0,0.0,0.0,34168.31,19562.0,0.0071533171218382,-0.146735916961422,5,3,1,11,21977.913,22484.67713333333,21161.14285714286,14802.9,12051.662976708249,0.9774618007486504,1.4295268398180667
2010-03-21,20246.09,12180.0,0.0,0.0,8935.15,4926.0,27092.62,12478.0,0.7379993814795114,-0.146735916961422,6,3,1,11,21977.913,21345.73346666667,21161.14285714286,14150.833333333334,12515.056426192434,1.029616201023054,1.4953990594530022
2010-03-22,24533.37,12689.0,20246.09,12180.0,27303.991,15091.0,0.0,0.0,1.3036423544902056,-0.146735916961422,0,3,1,12,23593.76157142857,21117.5158,22197.42857142857,14140.9,12468.98565544907,1.1172602779077154,1.569732377106731
2010-03-23,32403.72,54381.0,24533.37,12689.0,22989.59,12451.0,9238.601,4687.0,1.2931852015029477,-0.146735916961422,1,3,1,12,23197.95857142857,21935.2948,21854.28571428572,14563.866666666669,11824.066933465689,1.0575631092693851,1.5005826553126262
2010-03-24,27156.11,13717.0,32403.72,54381.0,30541.26,78808.0,26213.6,13398.0,1.2104089715682438,-0.146735916961422,2,3,1,12,24542.83428571429,22707.46543333333,27844.28571428572,16220.333333333334,11722.278633782224,1.0808266716410688,1.7166284528237632
2010-03-25,32309.88,17038.0,27156.11,13717.0,40566.21,23623.0,22505.11,11825.0,1.3859506252383242,-0.146735916961422,3,3,1,12,24059.24142857143,22738.882433333336,18545.571428571428,16230.966666666667,11733.257363986968,1.058066134037553,1.142604245910888
2010-03-26,31920.32,20818.0,32309.88,17038.0,23509.19,13229.0,32790.091,22378.0,1.0448762817507915,-0.146735916961422,4,3,1,12,22879.76571428572,23065.7081,17604.85714285714,16404.733333333334,11862.365027168426,0.9919385789108168,1.0731571666017414
2010-03-27,0.0,0.0,31920.32,20818.0,0.0,0.0,45379.53,25757.0,0.0071533171218382,-0.146735916961422,5,3,1,12,24081.35571428572,23036.71573333333,18689.0,16352.733333333334,11838.817988368672,1.0453467409610313,1.142867043633888
2010-03-28,22387.7,14483.0,0.0,0.0,20246.09,12180.0,13723.941,6948.0,0.7379993814795114,-0.146735916961422,6,3,1,12,24081.35571428572,21524.064733333336,18689.0,15494.166666666666,11784.584115494132,1.1188107828440053,1.2061958801699564
2010-03-29,59645.79,25100.0,22387.7,14483.0,24533.37,12689.0,0.0,0.0,1.3036423544902056,-0.146735916961422,0,3,1,13,24387.3,21812.8567,19018.0,15745.333333333334,11692.641617845382,1.1180241238186834,1.207849944957236
2010-03-30,37512.4,18940.0,59645.79,25100.0,32403.72,54381.0,16630.44,8364.0,1.2931852015029477,-0.146735916961422,1,3,1,13,29403.360000000004,23801.0497,20791.0,16582.0,12867.710128534609,1.2353808075952215,1.253829453624412
2010-03-31,29341.84,13530.0,37512.4,18940.0,27156.11,13717.0,25339.94,21272.0,1.2104089715682438,-0.146735916961422,2,3,1,13,30133.17142857143,24497.11503333333,15728.0,16934.533333333333,13030.215852526157,1.2300702098009946,0.928753080490359
2010-04-01,30192.39,17072.0,29341.84,13530.0,32309.88,17038.0,25637.71,11625.0,1.3859506252383242,0.4373322439887891,3,4,2,13,30445.41857142857,24630.5117,15701.285714285714,16676.466666666667,13059.59337659375,1.2360855081800255,0.9415235270232531
2010-04-02,0.0,0.0,30192.39,17072.0,31920.32,20818.0,33833.590000000004,20226.0,1.0448762817507915,0.4373322439887891,4,4,2,13,30142.919999999995,24782.334366666662,15706.142857142857,16858.033333333333,13098.124285089969,1.2163067269620715,0.9316711235875392
2010-04-03,0.0,0.0,0.0,0.0,0.0,0.0,31540.73,18376.0,0.0071533171218382,0.4373322439887891,5,4,2,13,25582.87428571429,23654.548033333333,12732.142857142857,16183.833333333334,13733.104656335385,1.0815203169244074,0.786719845348312
2010-04-04,0.0,0.0,0.0,0.0,22387.7,14483.0,27536.73,18260.0,0.7379993814795114,0.4373322439887891,6,4,2,13,25582.87428571429,22603.190366666666,12732.142857142857,15571.3,14304.004659783448,1.1318258117863669,0.8176673018401069
2010-04-05,0.0,0.0,0.0,0.0,59645.79,25100.0,0.0,0.0,1.3036423544902056,0.4373322439887891,0,4,2,14,22384.631428571425,21685.299366666663,10663.142857142857,14962.633333333331,14849.614664346616,1.0322491310855375,0.7126514845075972
2010-04-06,18947.77,12691.0,0.0,0.0,37512.4,18940.0,19637.9,10805.0,1.2931852015029477,0.4373322439887891,1,4,2,14,13863.804285714286,21685.299366666663,7077.428571428572,14962.633333333331,14849.614664346616,0.6393180952357471,0.4730068841332678
2010-04-07,34461.56,23516.0,18947.77,12691.0,29341.84,13530.0,36828.31,15543.0,1.2104089715682438,0.4373322439887891,2,4,2,14,11211.714285714286,21662.295033333336,6184.714285714285,15025.5,14853.429839131357,0.5175681647979594,0.4116145409945949
2010-04-08,47122.79,26648.0,34461.56,23516.0,30192.39,17072.0,19723.1,11673.0,1.3859506252383242,0.4373322439887891,3,4,2,14,11943.102857142858,21583.403366666666,7611.285714285715,15291.266666666666,14776.18472811225,0.5533465994333288,0.4977537754198942
2010-04-09,16682.91,8700.0,47122.79,26648.0,0.0,0.0,27039.26,17711.0,1.0448762817507915,0.4373322439887891,4,4,2,14,14361.731428571427,22496.726366666662,8979.285714285714,15790.433333333332,15486.933527399488,0.6383920573373362,0.5686535337399891
2010-04-10,0.0,0.0,16682.91,8700.0,0.0,0.0,24384.36,14160.0,0.0071533171218382,0.4373322439887891,5,4,2,14,16745.004285714287,22151.5147,10222.142857142857,15490.066666666668,15497.607054963848,0.7559304414390356,0.6599160014682219
2010-04-11,19654.2,11566.0,0.0,0.0,0.0,0.0,21451.05,10911.0,0.7379993814795114,0.4373322439887891,6,4,2,14,16745.004285714287,21338.7027,10222.142857142857,15018.066666666668,16007.52303032175,0.7847245693016889,0.6806563776835138
2010-04-12,25877.271,12495.0,19654.2,11566.0,0.0,0.0,0.0,0.0,1.3036423544902056,0.4373322439887891,0,4,2,15,19552.747142857144,21278.8077,11874.42857142857,15039.9,16010.449517178908,0.91888358683072,0.7895284258159011
2010-04-13,24922.11,12650.0,25877.271,12495.0,18947.77,12691.0,8935.15,4926.0,1.2931852015029477,0.4373322439887891,1,4,2,15,23249.50014285714,22141.3834,13659.42857142857,15456.4,15513.884127543846,1.0500473128908985,0.8837393294317286
2010-04-14,26464.07,15994.0,24922.11,12650.0,34461.56,23516.0,27303.991,15091.0,1.2104089715682438,0.4373322439887891,2,4,2,15,24102.977285714285,22674.28206666667,13653.57142857143,15713.866666666669,15317.94736305622,1.06300950190383,0.8688868066784812
2010-04-15,19203.17,10736.0,26464.07,15994.0,47122.79,26648.0,22989.59,12451.0,1.3859506252383242,0.4373322439887891,3,4,2,15,22960.47871428572,22646.2847,12579.0,15743.966666666667,15309.959124362102,1.0138739761708335,0.7989727281773547
2010-04-16,18013.14,13842.0,19203.17,10736.0,16682.91,8700.0,30541.26,78808.0,1.0448762817507915,0.4373322439887891,4,4,2,15,18971.96157142857,22520.0707,10305.857142857143,15686.8,15322.63356808683,0.8424468033054875,0.656976384148274
2010-04-17,0.0,0.0,18013.14,13842.0,0.0,0.0,40566.21,23623.0,0.0071533171218382,0.4373322439887891,5,4,2,15,19161.99442857143,22102.4667,11040.42857142857,13521.266666666666,15267.105768575952,0.8669618051532424,0.816523247681078
2010-04-18,23242.45,12952.0,0.0,0.0,19654.2,11566.0,23509.19,13229.0,0.7379993814795114,0.4373322439887891,6,4,2,15,19161.99442857143,20750.2597,11040.42857142857,12733.833333333334,15371.498863905632,0.923458053326023,0.8670153191441622
2010-04-19,44945.05,19285.0,23242.45,12952.0,25877.271,12495.0,0.0,0.0,1.3036423544902056,0.4373322439887891,0,4,2,16,19674.601571428568,20741.368366666666,11238.42857142857,12724.6,15369.925051738175,0.9485681572989904,0.8832048607758649
2010-04-20,24618.37,13410.0,44945.05,19285.0,24922.11,12650.0,20246.09,12180.0,1.2931852015029477,0.4373322439887891,1,4,2,16,22398.57,22239.5367,12208.42857142857,13367.433333333332,15468.63554045715,1.0071509268446226,0.9132963873465042
2010-04-21,27577.23,13234.0,24618.37,13410.0,26464.07,15994.0,24533.37,12689.0,1.2104089715682438,0.4373322439887891,2,4,2,16,22355.178571428576,22385.27936666667,12317.0,13408.433333333332,15469.80336611114,0.998655330820534,0.9186009799802612
2010-04-22,35802.270000000004,20552.0,27577.23,13234.0,19203.17,10736.0,32403.72,54381.0,1.3859506252383242,0.4373322439887891,3,4,2,16,22514.20142857143,22486.74136666667,11922.714285714286,13426.6,15494.340336332376,1.0012211667958908,0.8879920669204628
2010-04-23,15209.15,10190.0,35802.270000000004,20552.0,18013.14,13842.0,27156.11,13717.0,1.0448762817507915,0.4373322439887891,4,4,2,16,24885.50142857143,22600.02636666667,13325.0,12298.966666666667,15581.526112807744,1.101127097146916,1.0834243527233995
2010-04-24,0.0,0.0,15209.15,10190.0,0.0,0.0,32309.88,17038.0,0.0071533171218382,0.4373322439887891,5,4,2,16,24484.93142857143,22201.79436666666,12803.285714285714,12181.4,15613.703329003463,1.1028356998627384,1.0510520723632517
2010-04-25,16218.73,8317.0,0.0,0.0,23242.45,12952.0,31920.32,20818.0,0.7379993814795114,0.4373322439887891,6,4,2,16,24484.93142857143,21124.798366666662,12803.285714285714,11613.466666666667,16001.931870597797,1.159061071428109,1.1024516694084208
2010-04-26,35651.9,19531.0,16218.73,8317.0,44945.05,19285.0,0.0,0.0,1.3036423544902056,0.4373322439887891,0,4,2,17,23481.54285714286,20601.41203333333,12141.142857142857,11196.766666666666,15893.070606737312,1.1398025931013582,1.0843436519301275
2010-04-27,45650.04,23247.0,35651.9,19531.0,24618.37,13410.0,22387.7,14483.0,1.2931852015029477,0.4373322439887891,1,4,2,17,22153.95,21789.8087,12176.285714285714,11847.8,15630.244242315492,1.0167115418502963,1.027725460784763
2010-04-28,32348.79,19326.0,45650.04,23247.0,27577.23,13234.0,59645.79,25100.0,1.2104089715682438,0.4373322439887891,2,4,2,17,25158.47428571429,22565.22003333333,13581.57142857143,12139.933333333332,16226.571225941145,1.114922622006353,1.1187517308089086
2010-04-29,32255.771,16918.0,32348.79,19326.0,35802.270000000004,20552.0,37512.4,18940.0,1.3859506252383242,0.4373322439887891,3,4,2,17,25840.12571428572,21655.320033333333,14451.857142857143,11947.466666666667,14776.097696204351,1.1932460787700594,1.2096168623912302
2010-04-30,28130.48,17350.0,32255.771,16918.0,15209.15,10190.0,29341.84,13530.0,1.0448762817507915,0.4373322439887891,4,4,2,17,25333.483,21480.099066666666,13932.714285714286,11880.066666666668,14611.828386050263,1.1793932104956215,1.1727808165258011
2010-05-01,0.0,0.0,28130.48,17350.0,0.0,0.0,30192.39,17072.0,0.0071533171218382,-0.1584073809179556,5,5,2,17,27179.38728571429,21439.7204,14955.57142857143,12007.4,14591.012842904229,1.2677118347921317,1.245529542496413
2010-05-02,12008.22,6286.0,0.0,0.0,16218.73,8317.0,0.0,0.0,0.7379993814795114,-0.1584073809179556,6,5,2,17,27179.38728571429,20433.3074,14955.57142857143,11438.333333333334,15001.952044913249,1.3301511475187953,1.3074956807726734
2010-05-03,0.0,0.0,12008.22,6286.0,35651.9,19531.0,0.0,0.0,1.3036423544902056,-0.1584073809179556,0,5,2,18,26577.885857142857,20833.581400000003,14665.42857142857,11647.866666666669,14592.574703359724,1.275723330850012,1.2590656290217868
2010-05-04,21207.27,11050.0,0.0,0.0,45650.04,23247.0,0.0,0.0,1.2931852015029477,-0.1584073809179556,1,5,2,18,21484.757285714288,20833.581400000003,11875.285714285714,11647.866666666669,14592.574703359724,1.0312560703420048,1.0195245235996615
2010-05-05,26810.95,15120.0,21207.27,11050.0,32348.79,19326.0,0.0,0.0,1.2104089715682438,-0.1584073809179556,2,5,2,18,17992.933,21540.4904,10132.857142857143,12016.2,14052.19798356729,0.8353074914209009,0.8432663523291176
2010-05-06,52433.18,30461.0,26810.95,15120.0,32255.771,16918.0,18947.77,12691.0,1.3859506252383242,-0.1584073809179556,3,5,2,18,17201.813000000002,22434.18873333333,9532.0,12520.2,13475.760989713272,0.7667677759366033,0.7613296912189901
2010-05-07,34917.68,23026.0,52433.18,30461.0,28130.48,17350.0,34461.56,23516.0,1.0448762817507915,-0.1584073809179556,4,5,2,18,20084.3,23550.369066666663,11466.714285714286,13112.533333333333,14523.104658395148,0.852823152925762,0.8744850437531232
2010-05-08,0.0,0.0,34917.68,23026.0,0.0,0.0,47122.79,26648.0,0.0071533171218382,-0.1584073809179556,5,5,2,18,21053.9,23565.573066666668,12277.57142857143,13096.2,14535.155045927278,0.893417696248626,0.9374911370146628
2010-05-09,22798.91,11816.0,0.0,0.0,12008.22,6286.0,16682.91,8700.0,0.7379993814795114,-0.1584073809179556,6,5,2,18,21053.9,21994.8134,12277.57142857143,12207.933333333332,14447.558462709292,0.95722112377639,1.0057043312194336
2010-05-10,30369.56,15097.0,22798.91,11816.0,0.0,0.0,0.0,0.0,1.3036423544902056,-0.1584073809179556,0,5,2,19,22595.427142857145,22198.680066666668,13067.57142857143,12311.8,14413.128385136684,1.0178725525571328,1.0613859410136155
2010-05-11,28649.29,18126.0,30369.56,15097.0,21207.27,11050.0,19654.2,11566.0,1.2931852015029477,-0.1584073809179556,1,5,2,19,26933.935714285715,23210.99873333333,15224.285714285714,12815.033333333333,13855.96850762282,1.1603953808159868,1.1880020377852352
2010-05-12,31234.74,21649.0,28649.29,18126.0,26810.95,15120.0,25877.271,12495.0,1.2104089715682438,-0.1584073809179556,2,5,2,19,27997.08142857143,23510.835066666667,16235.142857142857,13033.7,13873.660451163149,1.1908161215534747,1.245628091573602
2010-05-13,28343.13,17786.0,31234.74,21649.0,52433.18,30461.0,24922.11,12650.0,1.3859506252383242,-0.1584073809179556,3,5,2,19,28629.05142857143,23689.417366666665,17167.85714285714,13338.833333333334,13939.49624871134,1.2085164858826505,1.2870583741349548
2010-05-14,11903.76,11754.0,28343.13,17786.0,34917.68,23026.0,26464.07,15994.0,1.0448762817507915,-0.1584073809179556,4,5,2,19,25187.61571428572,23803.451366666664,15357.142857142857,13510.033333333333,13963.89989977602,1.0581497332591598,1.1367213150579094
2010-05-15,0.0,0.0,11903.76,11754.0,0.0,0.0,19203.17,10736.0,0.0071533171218382,-0.1584073809179556,5,5,2,19,21899.912857142856,23318.1077,13746.857142857143,13368.7,14120.395521451566,0.9391805346684652,1.0282867550963926
2010-05-16,18023.75,10934.0,0.0,0.0,22798.91,11816.0,18013.14,13842.0,0.7379993814795114,-0.1584073809179556,6,5,2,19,21899.912857142856,22678.00203333333,13746.857142857143,13010.833333333334,14735.239133455703,0.9656896945750864,1.0565700743885589
2010-05-17,24131.2,13513.0,18023.75,10934.0,30369.56,15097.0,0.0,0.0,1.3036423544902056,-0.1584073809179556,0,5,2,20,21217.747142857144,22678.3557,13620.857142857143,12913.9,14735.123436211108,0.935594600575788,1.0547438916870304
2010-05-18,27282.09,22175.0,24131.2,13513.0,28649.29,18126.0,23242.45,12952.0,1.2931852015029477,-0.1584073809179556,1,5,2,20,20326.552857142862,23482.72903333333,13394.57142857143,13364.333333333334,14099.381819725711,0.8655958525216414,1.0022625966057488
2010-05-19,16991.85,9391.0,27282.09,22175.0,31234.74,21649.0,44945.05,19285.0,1.2104089715682438,-0.1584073809179556,2,5,2,20,20131.238571428574,23617.3837,13973.0,13671.766666666666,14116.2878736457,0.8523907147017548,1.0220332412538735
2010-05-20,24434.88,15484.0,16991.85,9391.0,28343.13,17786.0,24618.37,13410.0,1.3859506252383242,-0.1584073809179556,3,5,2,20,18096.54,22685.610366666668,12221.857142857143,13341.966666666667,13572.030337885197,0.797710077335646,0.9160461458348576
2010-05-21,26878.2,9993.0,24434.88,15484.0,11903.76,11754.0,27577.23,13234.0,1.0448762817507915,-0.1584073809179556,4,5,2,20,17538.21857142857,22679.49403333333,11893.0,13411.1,13571.170609237177,0.7733073121319047,0.8868027231174176
2010-05-22,0.0,0.0,26878.2,9993.0,0.0,0.0,35802.270000000004,20552.0,0.0071533171218382,-0.1584073809179556,5,5,2,20,19677.424285714285,22656.193033333333,11641.42857142857,13303.066666666668,13563.069159254605,0.8685229798653075,0.8750936053412675
2010-05-23,24708.59,13686.0,0.0,0.0,18023.75,10934.0,15209.15,10190.0,0.7379993814795114,-0.1584073809179556,6,5,2,20,19677.424285714285,21462.784033333333,11641.42857142857,12618.0,13936.4388384708,0.9168160223367924,0.9226048955007584
2010-05-24,34797.23,32639.0,24708.59,13686.0,24131.2,13513.0,0.0,0.0,1.3036423544902056,-0.1584073809179556,0,5,2,21,20632.40142857143,21779.43203333333,12034.57142857143,12734.533333333333,13897.314099876236,0.9473342278620314,0.9450343497920168
2010-05-25,21626.81,14846.0,34797.23,32639.0,27282.09,22175.0,16218.73,8317.0,1.2931852015029477,-0.1584073809179556,1,5,2,21,22156.120000000003,22939.339700000004,14766.857142857143,13822.5,13462.18543881028,0.9658569204587872,1.0683202852492055
2010-05-26,35664.61,18839.0,21626.81,14846.0,16991.85,9391.0,35651.9,19531.0,1.2104089715682438,-0.1584073809179556,2,5,2,21,21348.22285714286,23119.60903333333,13719.857142857143,14040.133333333331,13405.176426029053,0.9233816552158592,0.9771885221548569
2010-05-27,30705.07,17862.0,35664.61,18839.0,24434.88,15484.0,45650.04,23247.0,1.3859506252383242,-0.1584073809179556,3,5,2,21,24015.76,23120.0327,15069.57142857143,14017.066666666668,13405.586357896567,1.0387424754810144,1.075087376477111
2010-05-28,17270.21,11550.0,30705.07,17862.0,26878.2,9993.0,32348.79,19326.0,1.0448762817507915,-0.1584073809179556,4,5,2,21,24911.50142857143,22621.867033333336,15409.285714285714,13837.566666666668,12803.64860893664,1.1012133256669008,1.113583485122797
2010-05-29,0.0,0.0,17270.21,11550.0,0.0,0.0,32255.771,16918.0,0.0071533171218382,-0.1584073809179556,5,5,2,21,23538.931428571428,22119.2477,15631.714285714286,13578.366666666669,12704.218047980505,1.0641831832540771,1.151221989319846
2010-05-30,10624.82,6185.0,0.0,0.0,24708.59,13686.0,28130.48,17350.0,0.7379993814795114,-0.1584073809179556,6,5,2,21,23538.93142857143,21044.055333333334,15631.714285714286,13014.433333333332,13173.050317757208,1.1185549104352652,1.2011060247761551
2010-05-31,0.0,0.0,10624.82,6185.0,34797.23,32639.0,0.0,0.0,1.3036423544902056,-0.1584073809179556,0,5,2,22,21526.964285714286,20460.533333333336,14560.142857142857,12642.266666666666,13235.892291992091,1.0521213662912476,1.15170350705645
2010-06-01,15545.89,8243.0,0.0,0.0,21626.81,14846.0,12008.22,6286.0,1.2931852015029477,-0.0456716341630399,1,6,2,22,16555.931428571428,20460.533333333336,9897.42857142857,12642.266666666666,13235.892291992091,0.8091642167313051,0.7828840217019551
2010-06-02,16069.12,11792.0,15545.89,8243.0,35664.61,18839.0,0.0,0.0,1.2104089715682438,-0.0456716341630399,2,6,2,22,15687.228571428572,20578.455666666665,8954.142857142857,12707.5,13173.604023798453,0.7623132088011353,0.7046344959388438
2010-06-03,28592.36,17273.0,16069.12,11792.0,30705.07,17862.0,21207.27,11050.0,1.3859506252383242,-0.0456716341630399,3,6,2,22,12887.872857142856,21114.093,7947.428571428572,13100.566666666668,12623.220934730072,0.6103919717102154,0.606647694992474
2010-06-04,21198.0,8158.0,28592.36,17273.0,17270.21,11550.0,26810.95,15120.0,1.0448762817507915,-0.0456716341630399,4,6,2,22,12586.057142857142,21360.26266666667,7863.285714285715,13308.0,12696.895230683402,0.5892276391571749,0.5908690798230924
2010-06-05,0.0,0.0,21198.0,8158.0,0.0,0.0,52433.18,30461.0,0.0071533171218382,-0.0456716341630399,5,6,2,22,13147.17,21173.16433333333,7378.714285714285,13075.933333333332,12655.092296079903,0.6209355291925898,0.5642973314114699
2010-06-06,25194.23,14049.0,0.0,0.0,10624.82,6185.0,34917.68,23026.0,0.7379993814795114,-0.0456716341630399,6,6,2,22,13147.17,19425.391666666663,7378.714285714285,12060.566666666668,11779.383654654055,0.6768033420175569,0.6118049416457174
2010-06-07,45030.87,26693.0,25194.23,14049.0,0.0,0.0,0.0,0.0,1.3036423544902056,-0.0456716341630399,0,6,2,23,15228.514285714287,19101.27666666667,8502.142857142857,11761.333333333334,11468.065827870338,0.7972511236533903,0.7228893711435372
2010-06-08,51418.57,25464.0,45030.87,26693.0,15545.89,8243.0,22798.91,11816.0,1.2931852015029477,-0.0456716341630399,1,6,2,23,21661.49571428572,20602.305666666667,12315.42857142857,12651.1,11823.226526642708,1.0514112383708951,0.973467016419803
2010-06-09,37427.82,25175.0,51418.57,25464.0,16069.12,11792.0,30369.56,15097.0,1.2104089715682438,-0.0456716341630399,2,6,2,23,26786.16428571429,21556.29433333333,14775.57142857143,13106.033333333333,13093.017519338877,1.2426145176675292,1.127386986800336
2010-06-10,15506.65,9213.0,37427.82,25175.0,28592.36,17273.0,28649.29,18126.0,1.3859506252383242,-0.0456716341630399,3,6,2,23,29837.40714285714,21791.56966666667,16687.428571428572,13441.966666666667,13318.32697100566,1.369217894775966,1.241442490168495
2010-06-11,33173.52,21012.0,15506.65,9213.0,21198.0,8158.0,31234.74,21649.0,1.0448762817507915,-0.0456716341630399,4,6,2,23,27968.02,21353.48166666667,15536.0,13144.866666666669,13301.116650123788,1.3097639268662586,1.1819062447698214
2010-06-12,0.0,0.0,33173.52,21012.0,0.0,0.0,28343.13,17786.0,0.0071533171218382,-0.0456716341630399,5,6,2,23,29678.808571428573,21418.107666666667,17372.285714285714,13123.633333333331,13355.381408489944,1.385687710292827,1.3237405582005273
2010-06-13,21294.89,11078.0,0.0,0.0,25194.23,14049.0,11903.76,11754.0,0.7379993814795114,-0.0456716341630399,6,6,2,23,29678.808571428573,20473.336666666662,17372.285714285714,12530.766666666666,13842.2414455267,1.4496322243237296,1.386370537127474
2010-06-14,23331.01,15611.0,21294.89,11078.0,45030.87,26693.0,0.0,0.0,1.3036423544902056,-0.0456716341630399,0,6,2,24,29121.76,20786.374333333333,16947.85714285714,12508.233333333334,13747.625910482504,1.4010023842060768,1.3549361201707522
2010-06-15,28585.57,19354.0,23331.01,15611.0,51418.57,25464.0,18023.75,10934.0,1.2931852015029477,-0.0456716341630399,1,6,2,24,26021.78,21564.074666666667,15364.714285714286,13028.6,13179.368157058238,1.2067190641026655,1.1793066243275785
2010-06-16,31131.34,18941.0,28585.57,19354.0,37427.82,25175.0,24131.2,13513.0,1.2104089715682438,-0.0456716341630399,2,6,2,24,22759.922857142858,21916.13533333333,14491.857142857143,13309.266666666666,13222.532625759995,1.0385007443591647,1.088854668390731
2010-06-17,23801.18,13117.0,31131.34,18941.0,15506.65,9213.0,27282.09,22175.0,1.3859506252383242,-0.0456716341630399,3,6,2,24,21860.42571428572,22149.47333333333,13601.285714285714,13490.2,13324.343535673988,0.9869501358024334,1.0082345491012523
2010-06-18,18078.97,9559.0,23801.18,13117.0,33173.52,21012.0,16991.85,9391.0,1.0448762817507915,-0.0456716341630399,4,6,2,24,23045.358571428573,22033.443,14159.0,13188.266666666666,13293.226534153324,1.0459263480259793,1.073605831446134
2010-06-19,0.0,0.0,18078.97,9559.0,0.0,0.0,24434.88,15484.0,0.0071533171218382,-0.0456716341630399,5,6,2,24,20888.994285714285,22069.680333333334,12522.857142857143,13193.866666666669,13280.48488074278,0.9465018962764142,0.9491423143220948
2010-06-20,9065.83,4486.0,0.0,0.0,21294.89,11078.0,26878.2,9993.0,0.7379993814795114,-0.0456716341630399,6,6,2,24,20888.994285714285,21255.18433333333,12522.857142857143,12677.733333333334,13866.78192771504,0.9827717303281734,0.9877836056017224
2010-06-21,21018.67,12060.0,9065.83,4486.0,23331.01,15611.0,0.0,0.0,1.3036423544902056,-0.0456716341630399,0,6,2,25,19141.985714285714,20661.43866666667,11581.142857142857,12494.166666666666,13998.43294957509,0.9264594795699148,0.9269239931015426
2010-06-22,14647.98,6968.0,21018.67,12060.0,28585.57,19354.0,24708.59,13686.0,1.2931852015029477,-0.0456716341630399,1,6,2,25,18811.65142857143,21362.061,11073.857142857143,12896.166666666666,13443.66796609911,0.8806103225981532,0.8586937055861931
2010-06-23,27846.19,16257.0,14647.98,6968.0,31131.34,18941.0,34797.23,32639.0,1.2104089715682438,-0.0456716341630399,2,6,2,25,16820.56714285714,21026.70733333333,9304.42857142857,12672.233333333334,13482.734563485996,0.7999620138428303,0.7342374723288899
2010-06-24,25166.72,10766.0,27846.19,16257.0,23801.18,13117.0,21626.81,14846.0,1.3859506252383242,-0.0456716341630399,3,6,2,25,16351.259999999998,20795.006,8921.0,12126.166666666666,13296.36622911651,0.7863070585312647,0.7356817900683096
2010-06-25,17698.12,7986.0,25166.72,10766.0,18078.97,9559.0,35664.61,18839.0,1.0448762817507915,-0.0456716341630399,4,6,2,25,16546.337142857144,20913.003000000004,8585.142857142857,11990.166666666666,13319.689313333283,0.791198525762041,0.7160153061933688
2010-06-26,0.0,0.0,17698.12,7986.0,0.0,0.0,30705.07,17862.0,0.0071533171218382,-0.0456716341630399,5,6,2,25,16491.93,20314.120000000003,8360.42857142857,11628.4,13034.40449666612,0.8118456521867548,0.7189663729686432
2010-06-27,17444.42,10630.0,0.0,0.0,9065.83,4486.0,17270.21,11550.0,0.7379993814795114,-0.0456716341630399,6,6,2,25,16491.93,19290.61766666667,8360.42857142857,11033.0,13390.990583713909,0.8549197482928358,0.7577656640468206
2010-06-28,45225.69,27122.0,17444.42,10630.0,21018.67,12060.0,0.0,0.0,1.3036423544902056,-0.0456716341630399,0,6,2,26,17688.871428571427,19296.424666666662,9238.142857142857,11002.333333333334,13390.12196723794,0.91669165320184,0.8396530606061917
2010-06-29,34385.49,20855.0,45225.69,27122.0,14647.98,6968.0,10624.82,6185.0,1.2931852015029477,-0.0456716341630399,1,6,2,26,21147.01714285714,20803.947666666667,11389.857142857143,11906.4,13685.332760965011,1.0164905950393328,0.9566163695875448
2010-06-30,31290.78,19481.0,34385.49,20855.0,27846.19,16257.0,0.0,0.0,1.2104089715682438,-0.0456716341630399,2,6,2,26,23966.661428571424,21595.97,13373.714285714286,12395.4,13763.252323857369,1.109774713919839,1.0789255922127794
2010-07-01,29816.57,16372.0,31290.78,19481.0,25166.72,10766.0,15545.89,8243.0,1.3859506252383242,0.1064714507279054,3,7,3,26,24458.74571428572,22638.996,13834.285714285714,13044.766666666666,13246.14796963398,1.0803812021648715,1.0605238152428214
2010-07-02,16591.29,8666.0,29816.57,16372.0,17698.12,7986.0,16069.12,11792.0,1.0448762817507915,0.1064714507279054,4,7,3,26,25123.01,23114.68533333333,14635.142857142857,13315.733333333334,13238.879068228967,1.0868852263271132,1.0990865084769037
2010-07-03,0.0,0.0,16591.29,8666.0,0.0,0.0,28592.36,17273.0,0.0071533171218382,0.1064714507279054,5,7,3,26,24964.891428571427,23132.091000000004,14732.285714285714,13211.533333333333,13229.636606686316,1.0792319392384988,1.1151079395996717
2010-07-04,10368.34,5301.0,0.0,0.0,17444.42,10630.0,21198.0,8158.0,0.7379993814795114,0.1064714507279054,6,7,3,26,24964.891428571427,22179.01233333333,14732.285714285714,12635.766666666666,13838.606150833268,1.1256087986862755,1.165919417707332
2010-07-05,32211.41,16350.0,10368.34,5301.0,45225.69,27122.0,0.0,0.0,1.3036423544902056,0.1064714507279054,0,7,3,27,23954.022857142856,21818.023666666664,13971.0,12540.533333333333,14005.323860862743,1.0979006725407283,1.1140674506134771
2010-07-06,23295.14,11701.0,32211.41,16350.0,34385.49,20855.0,25194.23,14049.0,1.2931852015029477,0.1064714507279054,1,7,3,27,22094.84,22891.73733333333,12432.142857142857,13085.533333333333,13500.618489787512,0.9651884292690645,0.9500677229161102
2010-07-07,30193.06,14586.0,23295.14,11701.0,31290.78,19481.0,45030.87,26693.0,1.2104089715682438,0.1064714507279054,2,7,3,27,20510.504285714287,22828.43433333333,11124.42857142857,13007.266666666666,13493.900706122531,0.898463030194126,0.855247213462365
2010-07-08,18490.55,11689.0,30193.06,14586.0,29816.57,16372.0,51418.57,25464.0,1.3859506252383242,0.1064714507279054,3,7,3,27,20353.687142857143,22333.840666666667,10425.142857142857,12603.7,12911.403949621275,0.9113384234550884,0.8271493971724856
2010-07-09,33749.38,13849.0,18490.55,11689.0,16591.29,8666.0,37427.82,25175.0,1.0448762817507915,0.1064714507279054,4,7,3,27,18735.684285714287,21236.24,9756.142857142857,12144.533333333333,11696.05561659761,0.8822505436797797,0.8033361669291141
2010-07-10,0.0,0.0,33749.38,13849.0,0.0,0.0,15506.65,9213.0,0.0071533171218382,0.1064714507279054,5,7,3,27,21186.84,21113.625333333333,10496.57142857143,11767.0,11538.681828256756,1.0034676501790092,0.8920346246767595
2010-07-11,7782.05,5804.0,0.0,0.0,10368.34,5301.0,33173.52,21012.0,0.7379993814795114,0.1064714507279054,6,7,3,27,21186.84,20596.737,10496.57142857143,11459.9,12130.647945187286,1.0286503148532704,0.9159391817181152
2010-07-12,19442.47,9519.0,7782.05,5804.0,32211.41,16350.0,0.0,0.0,1.3036423544902056,0.1064714507279054,0,7,3,28,20817.37,19750.354666666663,10568.42857142857,10952.966666666667,12108.66860784787,1.0540251226543376,0.9648918775213324
2010-07-13,20663.21,9908.0,19442.47,9519.0,23295.14,11701.0,21294.89,11078.0,1.2931852015029477,0.1064714507279054,1,7,3,28,18993.235714285714,20398.437,9592.57142857143,11270.266666666666,11521.185538810543,0.9311123060205896,0.8511397034590807
2010-07-14,21316.49,13098.0,20663.21,9908.0,30193.06,14586.0,23331.01,15611.0,1.2104089715682438,0.1064714507279054,2,7,3,28,18617.24571428572,20377.381,9336.42857142857,11231.266666666666,11520.067867492644,0.913623086022964,0.8312890120522385
2010-07-15,51799.44,27696.0,21316.49,13098.0,18490.55,11689.0,28585.57,19354.0,1.3859506252383242,0.1064714507279054,3,7,3,28,17349.164285714283,20310.230333333333,9123.857142857143,11147.5,11508.122576086444,0.8542081503251432,0.8184666645308045
2010-07-16,20472.99,13883.0,51799.44,27696.0,33749.38,13849.0,31131.34,18941.0,1.0448762817507915,0.1064714507279054,4,7,3,28,22107.577142857142,21084.026,11410.57142857143,11425.566666666668,12792.50313644232,1.048546285365857,0.9986875716073684
2010-07-17,0.0,0.0,20472.99,13883.0,0.0,0.0,23801.18,13117.0,0.0071533171218382,0.1064714507279054,5,7,3,28,20210.95,20728.747666666663,11415.42857142857,11256.966666666667,12651.06527330778,0.9750203111643198,1.0140767854657622
2010-07-18,14946.1,9571.0,0.0,0.0,7782.05,5804.0,18078.97,9559.0,0.7379993814795114,0.1064714507279054,6,7,3,28,20210.95,19935.375,11415.42857142857,10819.733333333334,13186.712300612122,1.0138234169159095,1.0550563696667112
2010-07-19,30401.05,18512.0,14946.1,9571.0,19442.47,9519.0,0.0,0.0,1.3036423544902056,0.1064714507279054,0,7,3,29,21234.38571428572,19830.946,11953.57142857143,10820.133333333331,13214.296751800492,1.0707701848558169,1.1047526920713944
2010-07-20,24355.32,11946.0,30401.05,18512.0,20663.21,9908.0,9065.83,4486.0,1.2931852015029477,0.1064714507279054,1,7,3,29,22799.897142857146,20844.31433333333,13238.285714285714,11437.2,12800.275776448008,1.093818524238839,1.1574761055403169
2010-07-21,21692.13,13000.0,24355.32,11946.0,21316.49,13098.0,21018.67,12060.0,1.2104089715682438,0.1064714507279054,2,7,3,29,23327.34142857143,21353.964,13529.42857142857,11685.866666666669,12618.22289629827,1.0924126981094204,1.1577599640102492
2010-07-22,26106.12,13820.0,21692.13,13000.0,51799.44,27696.0,14647.98,6968.0,1.3859506252383242,0.1064714507279054,3,7,3,29,23381.00428571429,21376.412666666667,13515.42857142857,11717.2,12618.20488169618,1.0937758664330748,1.153469136946418
2010-07-23,25064.0,12978.0,26106.12,13820.0,20472.99,13883.0,27846.19,16257.0,1.0448762817507915,0.1064714507279054,4,7,3,29,19710.53,21758.35066666667,11533.142857142857,11945.6,12580.877340289904,0.9058834606520112,0.9654720446978684
2010-07-24,0.0,0.0,25064.0,12978.0,0.0,0.0,25166.72,10766.0,0.0071533171218382,0.1064714507279054,5,7,3,29,20366.38857142857,21665.611,11403.857142857143,11836.3,12544.655786545618,0.940032966133684,0.963464692755096
2010-07-25,17051.4,11477.0,0.0,0.0,14946.1,9571.0,17698.12,7986.0,0.7379993814795114,0.1064714507279054,6,7,3,29,20366.38857142857,20826.72033333334,11403.857142857143,11477.433333333332,13130.26522900864,0.977897059424762,0.9935894909306504
2010-07-26,22682.89,13324.0,17051.4,11477.0,30401.05,18512.0,0.0,0.0,1.3036423544902056,0.1064714507279054,0,7,3,30,20667.14571428572,20805.163,11676.142857142857,11593.8,13136.108496541285,0.9933662002208644,1.00710231823413
2010-07-27,26780.42,13811.0,22682.89,13324.0,24355.32,11946.0,17444.42,10630.0,1.2931852015029477,0.1064714507279054,1,7,3,30,19564.551428571427,21561.25933333333,10935.0,12037.933333333332,12536.407184574082,0.907393725297157,0.9083785145844524
2010-07-28,22925.8,13284.0,26780.42,13811.0,21692.13,13000.0,45225.69,27122.0,1.2104089715682438,0.1064714507279054,2,7,3,30,19910.994285714285,21872.459333333336,11201.42857142857,12143.966666666667,12546.560947394391,0.9103226108355448,0.9223863074472016
2010-07-29,34092.87,13519.0,22925.8,13284.0,26106.12,13820.0,34385.49,20855.0,1.3859506252383242,0.1064714507279054,3,7,3,30,20087.23285714286,21129.129666666664,11242.0,11682.7,11750.611914782296,0.9506890806218344,0.9622775557020208
2010-07-30,15634.65,8044.0,34092.87,13519.0,25064.0,12978.0,31290.78,19481.0,1.0448762817507915,0.1064714507279054,4,7,3,30,21228.197142857145,21119.375666666667,11199.0,11438.166666666666,11739.34461941805,1.0051526843363194,0.9790904719579188
2010-07-31,0.0,0.0,15634.65,8044.0,0.0,0.0,29816.57,16372.0,0.0071533171218382,0.1064714507279054,5,7,3,30,19881.147142857146,20597.504666666668,10494.142857142857,11056.933333333332,11618.962533093574,0.9652211500663564,0.9491006720196248
2010-08-01,30338.16,9526.0,0.0,0.0,17051.4,11477.0,16591.29,8666.0,0.7379993814795114,-0.0901758776463997,6,8,3,30,19881.147142857146,19603.619,10494.142857142857,10511.2,12069.683010634046,1.0141569851391798,0.9983772411468582
2010-08-02,28715.81,11804.0,30338.16,9526.0,22682.89,13324.0,0.0,0.0,1.3036423544902056,-0.0901758776463997,0,8,3,31,21779.255714285715,20061.848,10215.42857142857,10539.866666666669,12211.49433274561,1.0856056587750895,0.969218007637216
2010-08-03,26141.68,16167.0,28715.81,11804.0,26780.42,13811.0,10368.34,5301.0,1.2931852015029477,-0.0901758776463997,1,8,3,31,22641.101428571423,21019.041666666668,9998.285714285714,10933.333333333334,11699.431083985424,1.0771709665753757,0.9144773519163762
2010-08-04,20585.38,10954.0,26141.68,16167.0,22925.8,13284.0,32211.41,16350.0,1.2104089715682438,-0.0901758776463997,2,8,3,31,22549.85285714285,21544.819666666663,10334.857142857143,11295.533333333333,11557.852451340974,1.0466484846949609,0.9149507896505236
2010-08-05,23540.15,16490.0,20585.38,10954.0,34092.87,13519.0,23295.14,11701.0,1.3859506252383242,-0.0901758776463997,3,8,3,31,22215.507142857143,21157.28533333333,10002.0,11115.666666666666,11381.433057262584,1.0500168992784995,0.8998110774582422
2010-08-06,13629.81,9580.0,23540.15,16490.0,15634.65,8044.0,30193.06,14586.0,1.0448762817507915,-0.0901758776463997,4,8,3,31,20707.97571428572,21165.45233333333,10426.42857142857,11275.3,11383.107804108511,0.978385691368989,0.9247140715926468
2010-08-07,0.0,0.0,13629.81,9580.0,0.0,0.0,18490.55,11689.0,0.0071533171218382,-0.0901758776463997,5,8,3,31,20421.57,20613.344,10645.857142857143,11108.433333333332,11331.711152944608,0.9906966089538894,0.9583581071609688
2010-08-08,13888.15,8080.0,0.0,0.0,30338.16,9526.0,33749.38,13849.0,0.7379993814795114,-0.0901758776463997,6,8,3,31,20421.57,19996.99233333333,10645.857142857143,10718.8,11937.81252292858,1.0212320762837386,0.9931948672292742
2010-08-09,30865.51,99757.0,13888.15,8080.0,28715.81,11804.0,0.0,0.0,1.3036423544902056,-0.0901758776463997,0,8,3,32,18071.56857142857,19334.95133333333,10439.285714285714,10526.5,11697.141570506888,0.934658084205948,0.9917147878483554
2010-08-10,34758.94,19589.0,30865.51,99757.0,26141.68,16167.0,7782.05,5804.0,1.2931852015029477,-0.0901758776463997,1,8,3,32,18378.66857142857,20363.80166666667,23004.0,13851.733333333334,11288.120023899712,0.9025165768291906,1.660730787001386
2010-08-11,21660.2,8176.0,34758.94,19589.0,20585.38,10954.0,19442.47,9519.0,1.2104089715682438,-0.0901758776463997,2,8,3,32,19609.70571428572,21263.031333333336,23492.85714285714,14311.233333333334,11325.72456291693,0.9222441244087451,1.6415676130538812
2010-08-12,27000.03,17732.0,21660.2,8176.0,23540.15,16490.0,20663.21,9908.0,1.3859506252383242,-0.0901758776463997,3,8,3,32,19763.25142857143,21336.95566666667,23096.0,14266.466666666667,11320.668349567875,0.9262451371845078,1.6189011995495264
2010-08-13,36319.24,17846.0,27000.03,17732.0,13629.81,9580.0,21316.49,13098.0,1.0448762817507915,-0.0901758776463997,4,8,3,32,20257.52,21548.183,23273.42857142857,14527.266666666666,11366.688160854856,0.9401033952607512,1.6020514461147937
2010-08-14,0.0,0.0,36319.24,17846.0,0.0,0.0,51799.44,27696.0,0.0071533171218382,-0.0901758776463997,5,8,3,32,23498.867142857143,22048.274666666668,24454.28571428572,14685.533333333333,11681.807379110152,1.0657916548174868,1.6651956152507716
2010-08-15,21822.72,17296.0,0.0,0.0,13888.15,8080.0,20472.99,13883.0,0.7379993814795114,-0.0901758776463997,6,8,3,32,23498.867142857143,20321.626666666667,24454.28571428572,13762.333333333334,10937.170508526156,1.1563477436283225,1.776899681324803
2010-08-16,20626.63,10914.0,21822.72,17296.0,30865.51,99757.0,0.0,0.0,1.3036423544902056,-0.0901758776463997,0,8,3,33,24632.377142857145,20366.61766666667,25770.85714285714,13876.1,10940.590206418963,1.2094485960313428,1.85721183494333
2010-08-17,29970.51,18224.0,20626.63,10914.0,34758.94,19589.0,14946.1,9571.0,1.2931852015029477,-0.0901758776463997,1,8,3,33,23169.68,21054.172,13079.0,14239.9,10242.382316955283,1.1004792779312336,0.9184755510923532
2010-08-18,37095.15,22837.0,29970.51,18224.0,21660.2,8176.0,30401.05,18512.0,1.2104089715682438,-0.0901758776463997,2,8,3,33,22485.61857142857,21554.985666666664,12884.0,14528.333333333334,10300.575109798028,1.043174832920491,0.8868188596994379
2010-08-19,32545.81,22495.0,37095.15,22837.0,27000.03,17732.0,24355.32,11946.0,1.3859506252383242,-0.0901758776463997,3,8,3,33,24690.61142857143,21778.122333333336,14978.42857142857,14672.5,10567.84931361404,1.1337346282962268,1.020850473431833
2010-08-20,25082.62,18727.0,32545.81,22495.0,36319.24,17846.0,21692.13,13000.0,1.0448762817507915,-0.0901758776463997,4,8,3,33,25482.86571428572,22051.138666666666,15658.857142857143,15024.133333333331,10741.104975374035,1.1556258431591373,1.042246949986498
2010-08-21,0.0,0.0,25082.62,18727.0,0.0,0.0,26106.12,13820.0,0.0071533171218382,-0.0901758776463997,5,8,3,33,23877.634285714284,22164.154999999995,15784.714285714286,15215.033333333333,10755.025381543568,1.0773085771018245,1.037441978594479
2010-08-22,22613.41,13860.0,0.0,0.0,21822.72,17296.0,25064.0,12978.0,0.7379993814795114,-0.0901758776463997,6,8,3,33,23877.634285714284,21293.951,15784.714285714286,14754.366666666669,11458.229366923872,1.12133414253251,1.069833402024324
2010-08-23,21626.1,13114.0,22613.41,13860.0,20626.63,10914.0,0.0,0.0,1.3036423544902056,-0.0901758776463997,0,8,3,34,23990.59,21212.264666666662,15293.857142857143,14783.766666666666,11439.14499669166,1.130977308504888,1.034503417680461
2010-08-24,25433.85,17448.0,21626.1,13114.0,29970.51,18224.0,17051.4,11477.0,1.2931852015029477,-0.0901758776463997,1,8,3,34,24133.37142857143,21933.134666666665,15608.142857142857,15220.9,10714.779657399658,1.1003156546176969,1.0254415216671062
2010-08-25,30121.53,17451.0,25433.85,17448.0,37095.15,22837.0,22682.89,13324.0,1.2104089715682438,-0.0901758776463997,2,8,3,34,23485.277142857143,22212.54966666667,15497.285714285714,15419.933333333332,10692.359634925098,1.0572976761015596,1.0050163888053374
2010-08-26,34498.88,17554.0,30121.53,17451.0,32545.81,22495.0,26780.42,13811.0,1.3859506252383242,-0.0901758776463997,3,8,3,34,22489.04571428572,22460.50433333333,14727.857142857143,15557.5,10789.452682895737,1.00127073642376,0.9466724822662472
2010-08-27,17183.04,7308.0,34498.88,17554.0,25082.62,18727.0,22925.8,13284.0,1.0448762817507915,-0.0901758776463997,4,8,3,34,22768.05571428572,22717.786333333333,14022.0,15682.266666666666,10986.247489625686,1.002212776377715,0.894130950457842
2010-08-28,0.0,0.0,17183.04,7308.0,0.0,0.0,34092.87,13519.0,0.0071533171218382,-0.0901758776463997,5,8,3,34,21639.544285714284,22526.361,12390.714285714286,15483.066666666668,11032.43215867538,0.9606320473029036,0.8002752008030893
2010-08-29,14442.95,8765.0,0.0,0.0,22613.41,13860.0,15634.65,8044.0,0.7379993814795114,-0.0901758776463997,6,8,3,34,21639.544285714284,21389.932,12390.714285714286,15032.433333333332,11543.965290218734,1.0116696156731255,0.8242653741386482
2010-08-30,0.0,0.0,14442.95,8765.0,21626.1,13114.0,0.0,0.0,1.3036423544902056,-0.0901758776463997,0,8,3,35,20472.33571428572,21350.208666666666,11662.857142857143,15056.466666666667,11566.480783510093,0.9588822307975124,0.7746078413388583
2010-08-31,33536.51,13996.0,0.0,0.0,25433.85,17448.0,30338.16,9526.0,1.2931852015029477,-0.0901758776463997,1,8,3,35,17382.89285714286,21350.208666666666,9789.42857142857,15056.466666666667,11566.480783510093,0.814179061597752,0.6501810011708304
2010-09-01,22413.45,12616.0,33536.51,13996.0,30121.53,17451.0,28715.81,11804.0,1.2104089715682438,0.0908162273507758,2,9,3,35,18540.415714285715,21456.820333333333,9296.285714285714,15205.466666666667,11666.489799977346,0.8640802983041732,0.611377862848825
2010-09-02,34699.87,21704.0,22413.45,12616.0,34498.88,17554.0,26141.68,16167.0,1.3859506252383242,0.0908162273507758,3,9,3,35,17439.26142857143,21246.741666666665,8605.57142857143,15232.533333333333,11587.747335885031,0.8207969815875971,0.5649468305931665
2010-09-03,36813.45,31118.0,34699.87,21704.0,17183.04,7308.0,20585.38,10954.0,1.0448762817507915,0.0908162273507758,4,9,3,35,17467.97428571429,21532.01466666667,9198.42857142857,15417.1,11815.515196523622,0.8112559161849425,0.5966380558878499
2010-09-04,0.0,0.0,36813.45,31118.0,0.0,0.0,23540.15,16490.0,0.0071533171218382,0.0908162273507758,5,9,3,35,20272.31857142857,22072.95033333333,12599.857142857143,16089.233333333334,12137.762942511688,0.9184236028844068,0.7831235262623126
2010-09-05,12267.76,7221.0,0.0,0.0,14442.95,8765.0,13629.81,9580.0,0.7379993814795114,0.0908162273507758,6,9,3,35,20272.31857142857,21288.278666666665,12599.857142857143,15539.566666666668,12783.373578033705,0.9522760806006878,0.8108242278006771
2010-09-06,28531.35,16055.0,12267.76,7221.0,0.0,0.0,0.0,0.0,1.3036423544902056,0.0908162273507758,0,9,3,36,19961.577142857142,21242.877,12379.285714285714,15460.933333333332,12813.893774672086,0.9396833179826416,0.8006816566239456
2010-09-07,27471.46,15742.0,28531.35,16055.0,33536.51,13996.0,13888.15,8080.0,1.2931852015029477,0.0908162273507758,1,9,3,36,24037.484285714287,22193.922,14672.857142857143,15996.1,12228.299222059874,1.083066088351319,0.9172771577357696
2010-09-08,17358.49,10089.0,27471.46,15742.0,22413.45,12616.0,30865.51,99757.0,1.2104089715682438,0.0908162273507758,2,9,3,36,23171.04857142857,22646.699000000004,14922.285714285714,16251.5,12161.44856182602,1.0231534658286652,0.9182097476716434
2010-09-09,24162.38,13078.0,17358.49,10089.0,34699.87,21704.0,34758.94,19589.0,1.3859506252383242,0.0908162273507758,3,9,3,36,22448.911428571428,22196.465000000004,14561.285714285714,13262.566666666668,12096.535672587885,1.01137327176068,1.0979236583883245
2010-09-10,16518.72,10182.0,24162.38,13078.0,36813.45,31118.0,21660.2,8176.0,1.0448762817507915,0.0908162273507758,4,9,3,36,20943.55571428572,21843.246333333333,13329.0,13045.533333333333,11869.644307970982,0.9588114969122212,1.0217290209164822
2010-09-11,0.0,0.0,16518.72,10182.0,0.0,0.0,27000.03,17732.0,0.0071533171218382,0.0908162273507758,5,9,3,36,18044.308571428573,21671.863666666668,10338.142857142857,13112.4,11909.429961308246,0.832614529556237,0.7884249151294086
2010-09-12,15520.8,9277.0,0.0,0.0,12267.76,7221.0,36319.24,17846.0,0.7379993814795114,0.0908162273507758,6,9,3,36,18044.308571428573,20771.862666666668,10338.142857142857,12521.333333333334,12498.525985376444,0.8686899610782092,0.8256423323242618
2010-09-13,38099.41,28357.0,15520.8,9277.0,28531.35,16055.0,0.0,0.0,1.3036423544902056,0.0908162273507758,0,9,3,37,18509.02857142857,20078.58133333333,10631.857142857143,12235.7,12179.144057711988,0.921829499014501,0.8689210378529338
2010-09-14,21106.32,11371.0,38099.41,28357.0,27471.46,15742.0,21822.72,17296.0,1.2931852015029477,0.0908162273507758,1,9,3,37,19875.894285714287,21348.561666666665,12389.285714285714,13180.933333333332,11998.319257926849,0.9310179578396712,0.939939942109743
2010-09-15,34519.02,21316.0,21106.32,11371.0,17358.49,10089.0,20626.63,10914.0,1.2104089715682438,0.0908162273507758,2,9,3,37,18966.588571428576,21324.681666666667,11764.857142857143,12983.433333333332,11998.055923999274,0.8894195406009692,0.9061437634259925
2010-09-16,26327.271,13546.0,34519.02,21316.0,24162.38,13078.0,29970.51,18224.0,1.3859506252383242,0.0908162273507758,3,9,3,37,21418.09285714286,21787.761333333336,13368.714285714286,13330.166666666666,12235.923703279364,0.9830332051772148,1.002891758221149
2010-09-17,20406.32,11596.0,26327.271,13546.0,16518.72,10182.0,37095.15,22837.0,1.0448762817507915,0.0908162273507758,4,9,3,37,21727.363,21666.320033333333,13435.57142857143,13174.233333333334,12169.810541541316,1.0028174127665774,1.019837062895862
2010-09-18,0.0,0.0,20406.32,11596.0,0.0,0.0,32545.81,22495.0,0.0071533171218382,0.0908162273507758,5,9,3,37,22282.734428571428,21110.0257,13637.57142857143,12799.533333333333,11816.527400327486,1.055552217000448,1.0654741132675225
2010-09-19,22880.38,13696.0,0.0,0.0,15520.8,9277.0,25082.62,18727.0,0.7379993814795114,0.0908162273507758,6,9,3,37,22282.734428571428,20025.165366666668,13637.57142857143,12049.7,12217.606908419792,1.1127366002011971,1.1317768432883333
2010-09-20,41629.0,24610.0,22880.38,13696.0,38099.41,28357.0,0.0,0.0,1.3036423544902056,0.0908162273507758,0,9,3,38,23334.103000000003,19951.75736666667,14268.857142857143,11882.0,12192.76266350969,1.1695262011848744,1.2008800827181572
2010-09-21,61418.61,36487.0,41629.0,24610.0,21106.32,11371.0,22613.41,13860.0,1.2931852015029477,0.0908162273507758,1,9,3,38,23838.33014285714,21339.3907,13733.57142857143,12702.333333333334,12212.63452306433,1.11710453583181,1.081184934151581
2010-09-22,29552.42,14321.0,61418.61,36487.0,34519.02,21316.0,21626.1,13114.0,1.2104089715682438,0.0908162273507758,2,9,3,38,29597.22871428572,22632.897366666668,17321.571428571428,13456.566666666668,14239.12861466446,1.3077083430721508,1.2872207196415697
2010-09-23,36094.52,21350.0,29552.42,14321.0,26327.271,13546.0,25433.85,17448.0,1.3859506252383242,0.0908162273507758,3,9,3,38,28887.714428571428,22897.10803333333,16322.285714285714,13496.8,14293.237684530504,1.2616315731452654,1.2093448605807091
2010-09-24,47611.47,27936.0,36094.52,21350.0,20406.32,11596.0,30121.53,17451.0,1.0448762817507915,0.0908162273507758,4,9,3,38,30283.03571428572,23252.4637,17437.14285714286,13626.866666666669,14489.652615960968,1.30235815460216,1.2796149902748144
2010-09-25,0.0,0.0,47611.47,27936.0,0.0,0.0,34498.88,17554.0,0.0071533171218382,0.0908162273507758,5,9,3,38,34169.485714285714,23835.4617,19771.42857142857,13976.366666666669,15113.971010014311,1.4335566956643309,1.414632933077164
2010-09-26,21210.0,12674.0,0.0,0.0,22880.38,13696.0,17183.04,7308.0,0.7379993814795114,0.0908162273507758,6,9,3,38,34169.485714285714,22685.499033333334,19771.42857142857,13391.233333333334,15579.916107543391,1.506225878658353,1.4764456775025878
2010-09-27,97819.7,122734.0,21210.0,12674.0,41629.0,24610.0,0.0,0.0,1.3036423544902056,0.0908162273507758,0,9,3,39,33930.86,22819.731033333333,19625.42857142857,13570.1,15548.189036041273,1.4869088487693554,1.4462257884192875
2010-09-28,33567.63,-63859.0,97819.7,122734.0,61418.61,36487.0,14442.95,8765.0,1.2931852015029477,0.0908162273507758,1,9,3,39,41958.10285714286,26080.387700000003,33643.142857142855,17661.233333333334,20168.20479107264,1.6087990462328463,1.904914692092636
2010-09-29,37594.48,20663.0,33567.63,-63859.0,29552.42,14321.0,0.0,0.0,1.2104089715682438,0.0908162273507758,2,9,3,39,37979.39142857143,26717.877033333338,19308.0,15240.433333333332,20089.77704676996,1.4214973510503164,1.2668931110882675
2010-09-30,45873.49,24703.0,37594.48,20663.0,36094.52,21350.0,33536.51,13996.0,1.3859506252383242,0.0908162273507758,3,9,3,39,39128.25714285715,27971.02636666667,20214.0,15929.2,19530.45292592023,1.3988852832903784,1.2689902819978405
2010-10-01,37704.03,22126.0,45873.49,24703.0,47611.47,27936.0,22413.45,12616.0,1.0448762817507915,0.2632251377757526,4,10,4,39,40525.25285714286,28382.259033333336,20693.0,16286.1,19779.970171992005,1.4278374673963858,1.2705927140322115
2010-10-02,0.0,0.0,37704.03,22126.0,0.0,0.0,34699.87,21704.0,0.0071533171218382,0.2632251377757526,5,10,4,39,39109.904285714285,28891.945033333333,19863.0,16603.1,19817.82958841009,1.353661175825727,1.1963428516361403
2010-10-03,38207.81,20284.0,0.0,0.0,21210.0,12674.0,36813.45,31118.0,0.7379993814795114,0.2632251377757526,6,10,4,39,39109.904285714285,27735.2827,19863.0,15879.633333333331,20469.08617896313,1.4101137784946496,1.2508475216682164
2010-10-04,39030.64,23380.0,38207.81,20284.0,97819.7,122734.0,0.0,0.0,1.3036423544902056,0.2632251377757526,0,10,4,40,41538.16285714286,27781.761366666666,20950.14285714286,15518.5,20491.980836567785,1.495159443237516,1.3500108165829725
2010-10-05,53649.86,34420.0,39030.64,23380.0,33567.63,-63859.0,12267.76,7221.0,1.2931852015029477,0.2632251377757526,1,10,4,40,33139.72571428571,29082.7827,6756.714285714285,16297.833333333334,19897.711175046014,1.139496383689781,0.4145774562496621
2010-10-06,29870.28,21664.0,53649.86,34420.0,37594.48,20663.0,28531.35,16055.0,1.2104089715682438,0.2632251377757526,2,10,4,40,36008.61571428571,30462.18603333333,20796.571428571428,17204.466666666667,20124.922002113417,1.1820758915621874,1.2087890796908225
2010-10-07,51974.54,29524.0,29870.28,21664.0,45873.49,24703.0,27471.46,15742.0,1.3859506252383242,0.2632251377757526,3,10,4,40,34905.15857142857,30506.817033333336,20939.571428571428,17391.433333333334,20121.97679097808,1.144175694674714,1.204016427354354
2010-10-08,59448.95,41279.0,51974.54,29524.0,37704.03,22126.0,17358.49,10089.0,1.0448762817507915,0.2632251377757526,4,10,4,40,35776.73714285714,31323.586366666663,21628.28571428572,17850.833333333332,20488.48366350421,1.142166057362108,1.21161210294304
2010-10-09,0.0,0.0,59448.95,41279.0,0.0,0.0,24162.38,13078.0,0.0071533171218382,0.2632251377757526,5,10,4,40,38883.154285714285,32726.6017,24364.42857142857,18890.5,20935.46695679333,1.1881207417180222,1.2897715026827543
2010-10-10,23065.86,12375.0,0.0,0.0,38207.81,20284.0,16518.72,10182.0,0.7379993814795114,0.2632251377757526,6,10,4,40,38883.154285714285,31921.18903333333,24364.42857142857,18454.566666666666,21726.150938018625,1.2180985565766675,1.3202384543353447
2010-10-11,43012.7,24771.0,23065.86,12375.0,39030.64,23380.0,0.0,0.0,1.3036423544902056,0.2632251377757526,0,10,4,41,36720.01857142857,32139.427033333333,23234.571428571428,18527.666666666668,21598.607368972487,1.1425225015164235,1.2540473577481297
2010-10-12,49200.92,28578.0,43012.7,24771.0,53649.86,34420.0,15520.8,9277.0,1.2931852015029477,0.2632251377757526,1,10,4,41,37288.88428571429,33573.1837,23433.28571428572,19353.366666666665,20804.60071606536,1.1106746568605672,1.2108118508727534
2010-10-13,52848.73,39959.0,49200.92,28578.0,29870.28,21664.0,38099.41,28357.0,1.2104089715682438,0.2632251377757526,2,10,4,41,36653.32142857143,34695.85436666667,22598.714285714286,19996.733333333334,20705.352314474403,1.0564178948072067,1.1301203006014793
2010-10-14,85969.18000000001,36610.0,52848.73,39959.0,51974.54,29524.0,21106.32,11371.0,1.3859506252383242,0.2632251377757526,3,10,4,41,39935.95714285714,35187.498366666674,25212.28571428572,20383.466666666667,20962.469013944403,1.1349473249479056,1.236898812482946
2010-10-15,44404.57,22212.0,85969.18000000001,36610.0,59448.95,41279.0,34519.02,21316.0,1.0448762817507915,0.2632251377757526,4,10,4,41,44792.33428571429,37349.5937,26224.571428571428,21224.766666666663,22730.49601690349,1.1992723306576236,1.2355646514482967
2010-10-16,0.0,0.0,44404.57,22212.0,0.0,0.0,26327.271,13546.0,0.0071533171218382,0.2632251377757526,5,10,4,41,42643.13714285714,37679.11203333333,23500.714285714286,21254.63333333333,22759.682364929376,1.1317447477300506,1.1056748859016283
2010-10-17,32723.58,18786.0,0.0,0.0,23065.86,12375.0,20406.32,11596.0,0.7379993814795114,0.2632251377757526,6,10,4,41,42643.13714285714,36801.53633333334,23500.714285714286,20803.1,23700.602432849195,1.1587325256373258,1.1296736681414927
2010-10-18,39599.09,19348.0,32723.58,18786.0,43012.7,24771.0,0.0,0.0,1.3036423544902056,0.2632251377757526,0,10,4,42,44022.81142857143,37212.11166666666,24416.571428571428,21042.766666666663,23512.73137218017,1.1830237376183506,1.1603308545567406
2010-10-19,44474.24,24938.0,39599.09,19348.0,49200.92,28578.0,22880.38,13696.0,1.2931852015029477,0.2632251377757526,1,10,4,42,43535.15285714286,38532.08133333333,23641.85714285714,21687.7,22438.64767428686,1.129841715025175,1.0901043975551643
2010-10-20,44586.88,23960.0,44474.24,24938.0,52848.73,39959.0,41629.0,24610.0,1.2104089715682438,0.2632251377757526,2,10,4,42,42859.91285714286,39251.87666666667,23121.85714285714,22062.43333333333,22264.928900517527,1.091920093938851,1.048019354597807
2010-10-21,38396.46,17656.0,44586.88,23960.0,85969.18000000001,36610.0,61418.61,36487.0,1.3859506252383242,0.2632251377757526,3,10,4,42,41679.64857142857,39350.47266666668,20836.28571428572,22040.766666666663,22282.36090652953,1.0591905445327705,0.945352129960046
2010-10-22,38825.36,22604.0,38396.46,17656.0,44404.57,22212.0,29552.42,14321.0,1.0448762817507915,0.2632251377757526,4,10,4,42,34883.54571428571,38583.06766666667,18128.571428571428,21413.066666666666,21889.09723984065,0.90411540149315,0.8466125712293161
2010-10-23,0.0,0.0,38825.36,22604.0,0.0,0.0,36094.52,21350.0,0.0071533171218382,0.2632251377757526,5,10,4,42,34086.51571428571,38892.16566666667,18184.571428571428,21689.166666666668,21822.54814791026,0.876436555537463,0.8384172480226577
2010-10-24,28532.09,15437.0,0.0,0.0,32723.58,18786.0,47611.47,27936.0,0.7379993814795114,0.2632251377757526,6,10,4,42,34086.51571428571,37689.015,18184.571428571428,20977.5,22948.090751876323,0.9044151383177754,0.8668607521664368
2010-10-25,29084.14,14364.0,28532.09,15437.0,39599.09,19348.0,0.0,0.0,1.3036423544902056,0.2632251377757526,0,10,4,43,33487.73142857143,37053.03566666667,17706.14285714286,20560.866666666665,22927.9916834017,0.9037783497641294,0.8611574183226482
2010-10-26,45335.29,25670.0,29084.14,14364.0,44474.24,24938.0,21210.0,12674.0,1.2931852015029477,0.2632251377757526,1,10,4,43,31985.59571428571,38022.507,16994.14285714286,21039.666666666668,21899.040195024987,0.8412279525462567,0.8077192061253913
2010-10-27,32856.590000000004,16160.0,45335.29,25670.0,44586.88,23960.0,97819.7,122734.0,1.2104089715682438,0.2632251377757526,2,10,4,43,32108.60285714285,38826.68333333333,17098.714285714286,21472.866666666665,21702.444085118783,0.8269725894814483,0.7962939718830099
2010-10-28,23251.92,11030.0,32856.590000000004,16160.0,38396.46,17656.0,33567.63,-63859.0,1.3859506252383242,0.2632251377757526,3,10,4,43,30432.847142857143,36661.246333333336,15984.42857142857,17920.4,18637.81729830928,0.8301094530762536,0.8919682915241048
2010-10-29,45418.41,25080.0,23251.92,11030.0,38825.36,22604.0,37594.48,20663.0,1.0448762817507915,0.2632251377757526,4,10,4,43,28269.34142857143,36317.38933333333,15037.857142857143,20416.7,18791.38762499536,0.7783968492092264,0.7365469024307132
2010-10-30,0.0,0.0,45418.41,25080.0,0.0,0.0,45873.49,24703.0,0.0071533171218382,0.2632251377757526,5,10,4,43,29211.20571428572,36578.187,15391.57142857143,20563.93333333333,18863.87568620024,0.798596325025232,0.7484740968121255
2010-10-31,29882.26,16291.0,0.0,0.0,28532.09,15437.0,37704.03,22126.0,0.7379993814795114,0.2632251377757526,6,10,4,43,29211.20571428572,35049.070666666674,15391.57142857143,19740.5,19914.42344629089,0.8334373824658055,0.77969511555287
2010-11-01,27084.27,13587.0,29882.26,16291.0,29084.14,14364.0,0.0,0.0,1.3036423544902056,0.2699886206262529,0,11,4,44,29404.087142857144,34788.345,15513.57142857143,19546.0,19929.661970897578,0.845228111393547,0.7936954583327243
2010-11-02,41201.97,23201.0,27084.27,13587.0,45335.29,25670.0,38207.81,20284.0,1.2931852015029477,0.2699886206262529,1,11,4,44,29118.39142857143,35691.153999999995,15402.57142857143,19998.9,18885.52014475929,0.8158433719618995,0.7701709308297671
2010-11-03,44196.73,23079.0,41201.97,23201.0,32856.590000000004,16160.0,39030.64,23380.0,1.2104089715682438,0.2699886206262529,2,11,4,44,28527.917142857143,35790.95933333333,15049.857142857143,20096.13333333333,18907.177952257684,0.7970704802061042,0.7488931772707755
2010-11-04,88267.65,60031.0,44196.73,23079.0,23251.92,11030.0,53649.86,34420.0,1.3859506252383242,0.2699886206262529,3,11,4,44,30147.937142857147,35963.162333333334,16038.285714285714,20086.1,18961.150662481345,0.83830050492845,0.7984768429055772
2010-11-05,45997.88,22201.0,88267.65,60031.0,45418.41,25080.0,29870.28,21664.0,1.0448762817507915,0.2699886206262529,4,11,4,44,39435.89857142857,37117.08866666667,23038.42857142857,20939.8,21016.599002358205,1.062472839009174,1.1002219969354328
2010-11-06,0.0,0.0,45997.88,22201.0,0.0,0.0,51974.54,29524.0,0.0071533171218382,0.2699886206262529,5,11,4,44,39518.68,37654.67533333333,22627.14285714286,20957.7,21031.09996900436,1.049502608910203,1.0796577323438572
2010-11-07,31299.56,18299.0,0.0,0.0,29882.26,16291.0,59448.95,41279.0,0.7379993814795114,0.2699886206262529,6,11,4,44,39518.68,35922.19066666667,22627.14285714286,19973.566666666666,21932.245799170265,1.100118875452399,1.132854398754163
2010-11-08,83662.441,32309.0,31299.56,18299.0,27084.27,13587.0,0.0,0.0,1.3036423544902056,0.2699886206262529,0,11,4,45,39721.15142857143,34983.87766666667,22914.0,19207.566666666666,21488.67074324337,1.1354130553234392,1.1929673548792403
2010-11-09,57853.42,32202.0,83662.441,32309.0,41201.97,23201.0,23065.86,12375.0,1.2931852015029477,0.2699886206262529,1,11,4,45,47803.74728571429,37772.6257,25588.571428571428,20284.533333333333,22208.68384278345,1.265565906521407,1.2614818890865007
2010-11-10,79469.5,35063.0,57853.42,32202.0,44196.73,23079.0,43012.7,24771.0,1.2104089715682438,0.2699886206262529,2,11,4,45,50182.525857142864,38932.21103333333,26874.42857142857,20945.43333333333,22322.21230294782,1.2889718956413017,1.283068635713524
2010-11-11,61021.49,33841.0,79469.5,35063.0,88267.65,60031.0,49200.92,28578.0,1.3859506252383242,0.2699886206262529,3,11,4,45,55221.493,40147.4377,28586.42857142857,21288.5,23512.631844838867,1.3754674311382018,1.3428108401920555
2010-11-12,50537.14,23175.0,61021.49,33841.0,45997.88,22201.0,52848.73,39959.0,1.0448762817507915,0.2699886206262529,4,11,4,45,51329.18442857143,40541.4567,24845.0,21463.93333333333,23767.244063142785,1.2660912706812388,1.1575231628871998
2010-11-13,0.0,0.0,50537.14,23175.0,0.0,0.0,85969.18000000001,36610.0,0.0071533171218382,0.2699886206262529,5,11,4,45,51977.65014285715,40464.4037,24984.14285714286,20904.466666666667,23729.6856235345,1.284527767373405,1.195158109294482
2010-11-14,28831.06,17273.0,0.0,0.0,31299.56,18299.0,44404.57,22212.0,0.7379993814795114,0.2699886206262529,6,11,4,45,51977.65014285715,37598.76436666667,24984.14285714286,19684.13333333333,23230.604109133,1.3824297425300005,1.269252876621925
2010-11-15,104708.97,37895.0,28831.06,17273.0,83662.441,32309.0,0.0,0.0,1.3036423544902056,0.2699886206262529,0,11,4,46,51625.00728571429,37079.64736666667,24837.571428571428,19519.5,23247.27438731528,1.3922734155266911,1.2724491625590526
2010-11-16,71402.02,36599.0,104708.97,37895.0,57853.42,32202.0,32723.58,18786.0,1.2931852015029477,0.2699886206262529,1,11,4,46,54631.65428571428,40569.94636666667,25635.571428571428,20782.666666666668,25261.38981382849,1.346604054931684,1.2335073183697036
2010-11-17,50977.921,28466.0,71402.02,36599.0,79469.5,35063.0,39599.09,19348.0,1.2104089715682438,0.2699886206262529,2,11,4,46,56567.16857142857,41859.2277,26263.714285714286,21376.43333333333,25827.79881227724,1.3513667518387724,1.2286293918246862
2010-11-18,44355.49,21131.0,50977.921,28466.0,61021.49,33841.0,44474.24,24938.0,1.3859506252383242,0.2699886206262529,3,11,4,46,52496.94300000001,42238.522066666665,25321.28571428572,21680.366666666665,25876.968172166056,1.2428688417919094,1.1679362302122374
2010-11-19,46980.55,25093.0,44355.49,21131.0,50537.14,23175.0,44586.88,23960.0,1.0448762817507915,0.2699886206262529,4,11,4,46,50116.08585714286,42234.563733333336,23505.571428571428,21553.466666666667,25876.623467454978,1.186613082440558,1.0905703380386491
2010-11-20,0.0,0.0,46980.55,25093.0,0.0,0.0,38396.46,17656.0,0.0071533171218382,0.2699886206262529,5,11,4,46,49608.00157142857,42314.35273333333,23779.571428571428,21591.233333333334,25887.814751416547,1.1723682005502976,1.1013530844418995
2010-11-21,31961.37,17874.0,0.0,0.0,28831.06,17273.0,38825.36,22604.0,0.7379993814795114,0.2699886206262529,6,11,4,46,49608.00157142857,41034.470733333335,23779.571428571428,21002.7,27012.89682486897,1.2089348463590817,1.1322149737210656
2010-11-22,42955.81,19712.0,31961.37,17874.0,104708.97,37895.0,0.0,0.0,1.3036423544902056,0.2699886206262529,0,11,4,47,50055.18871428572,40805.67106666667,23865.42857142857,20845.033333333333,27061.278966207705,1.2266723571953406,1.144897596938131
2010-11-23,53578.53,24811.0,42955.81,19712.0,71402.02,36599.0,28532.09,15437.0,1.2931852015029477,0.2699886206262529,1,11,4,47,41233.30871428572,42237.5314,21267.85714285714,21502.1,25940.971019184533,0.9762243991912302,0.989106047449186
2010-11-24,57848.52,26148.0,53578.53,24811.0,50977.921,28466.0,29084.14,14364.0,1.2104089715682438,0.2699886206262529,2,11,4,47,38687.09585714286,43072.41273333334,19583.85714285714,21814.566666666666,25887.657600499908,0.8981873408545622,0.8977422032765786
2010-11-25,71559.84,37865.0,57848.52,26148.0,44355.49,21131.0,45335.29,25670.0,1.3859506252383242,0.2699886206262529,3,11,4,47,39668.61,44031.2254,19252.714285714286,22207.366666666665,25884.38191410492,0.9009199639490388,0.8669517000686389
2010-11-26,40024.01,17361.0,71559.84,37865.0,46980.55,25093.0,32856.590000000004,16160.0,1.0448762817507915,0.2699886206262529,4,11,4,47,43554.94571428571,44905.37706666666,21643.28571428572,22613.866666666665,26368.238069893137,0.9699271793136022,0.9570802743870596
2010-11-27,0.0,0.0,40024.01,17361.0,0.0,0.0,23251.92,11030.0,0.0071533171218382,0.2699886206262529,5,11,4,47,42561.154285714285,45144.29106666667,20538.714285714286,22653.9,26287.6511365856,0.9427804331418618,0.9066303941358568
2010-11-28,26626.5,16104.0,0.0,0.0,31961.37,17874.0,45418.41,25080.0,0.7379993814795114,0.2699886206262529,6,11,4,47,42561.154285714285,44369.227066666666,20538.714285714286,22286.233333333334,27279.45219198843,0.9592493964739192,0.9215875100344886
2010-11-29,78889.67,39816.0,26626.5,16104.0,42955.81,19712.0,0.0,0.0,1.3036423544902056,0.2699886206262529,0,11,4,48,41799.030000000006,43742.83006666667,20285.85714285714,21987.033333333333,27469.61909771998,0.9555630016689776,0.9226282070579694
2010-11-30,55389.89,24308.0,78889.67,39816.0,53578.53,24811.0,29882.26,16291.0,1.2931852015029477,0.2699886206262529,1,11,4,48,46932.438571428575,46372.48573333333,23157.85714285714,23314.233333333334,26908.037342503907,1.0120751093938607,0.99329267283893
2010-12-01,58451.56,26635.0,55389.89,24308.0,57848.52,26148.0,27084.27,13587.0,1.2104089715682438,0.3100998416448823,2,12,4,48,47191.20428571429,47222.740066666665,23086.0,23581.466666666667,26771.658841840886,0.9993321907854592,0.9789891496712108
2010-12-02,46073.32,20976.0,58451.56,26635.0,71559.84,37865.0,41201.97,23201.0,1.3859506252383242,0.3100998416448823,3,12,4,48,47277.35285714286,48268.3164,23155.571428571428,24016.4,26569.791844783114,0.979469689088697,0.964156635822664
2010-12-03,45575.38,15867.0,46073.32,20976.0,40024.01,17361.0,44196.73,23079.0,1.0448762817507915,0.3100998416448823,4,12,4,48,43636.42142857143,48430.69473333333,20742.85714285714,23942.233333333334,26539.98614818853,0.9010075463265624,0.8663710212020241
2010-12-04,0.0,0.0,45575.38,15867.0,0.0,0.0,88267.65,60031.0,0.0071533171218382,0.3100998416448823,5,12,4,48,44429.47428571428,48476.64973333334,20529.42857142857,23701.83333333333,26533.5948970342,0.9165128887849656,0.8661536127906522
2010-12-05,30973.63,16186.0,0.0,0.0,26626.5,16104.0,45997.88,22201.0,0.7379993814795114,0.3100998416448823,6,12,4,48,44429.47428571428,45534.39473333334,20529.42857142857,21700.8,26860.99211151633,0.9757343771869617,0.9460217398173604
2010-12-06,53653.87,21320.0,30973.63,16186.0,78889.67,39816.0,0.0,0.0,1.3036423544902056,0.3100998416448823,0,12,4,49,45050.49285714285,45033.5864,20541.14285714286,21500.3,26991.793644747504,1.0003754188483387,0.9553886623508908
2010-12-07,45090.08,25077.0,53653.87,21320.0,55389.89,24308.0,31299.56,18299.0,1.2931852015029477,0.3100998416448823,1,12,4,49,41445.37857142858,46822.04873333334,17898.85714285714,22210.966666666667,25649.143469213024,0.8851679858665171,0.8058567378663006
2010-12-08,44035.22,22743.0,45090.08,25077.0,58451.56,26635.0,83662.441,32309.0,1.2104089715682438,0.3100998416448823,2,12,4,49,39973.97714285714,47281.73273333333,18008.714285714286,22436.9,25484.40431691036,0.8454423057697235,0.8026382559851978
2010-12-09,52494.14,19387.0,44035.22,22743.0,46073.32,20976.0,57853.42,32202.0,1.3859506252383242,0.3100998416448823,3,12,4,49,37914.5,45960.82536666667,17452.714285714286,22118.033333333333,24543.298165971053,0.8249307904617764,0.7890717055486075
